locationID,verbatimLocation,locality,country,continent,taxonID,Taxon,habitat,firstRecordEvent,verbatimFirstRecordEvent,confidenceFirstRecordEvent,occurenceStatus,establishmentMeans,degreeOfEstablishment,datasetName,bibliographicCitation,accessRights
"",Slovakia,"","","",1,abies firma siebold et zucc,"",19051960,1905(1960),low confidence,cas,cas,cas,"Medveckï¿½, J et al (2012)","Medveckï¿½, J et al (2012)",Free
"",Slovakia,"","","",1,abies grandis (douglas ex d don) lindl,"",18901960,1890(1960),low confidence,cas,cas,cas,"Medveckï¿½, J et al (2012)","Medveckï¿½, J et al (2012)",Free
"",Slovakia,"","","",1,abies nordmanniana (stev) spach,"",18451960,1845(1960),low confidence,cas,cas,cas,"Medveckï¿½, J et al (2012)","Medveckï¿½, J et al (2012)",Free
"",Slovakia,"","","",1,acer negundo l,"",17941865,1794(1865),low confidence,inv,inv,inv,"Medveckï¿½, J et al (2012)","Medveckï¿½, J et al (2012)",Free
"",Slovakia,"","","",1,acorus calamus l,"",17911830,1791(1830),low confidence,nat,nat,nat,"Medveckï¿½, J et al (2012)","Medveckï¿½, J et al (2012)",Free
"",Norway,"","","",1,actaea rubra,"",1900-1999-1900,1900-1999 - 1900,low confidence,alien,alien,alien,GISD,GISD,Free
"",Slovakia,"","","",1,adonis annua l,"",18301905,1830(1905),low confidence,cas,cas,cas,"Medveckï¿½, J et al (2012)","Medveckï¿½, J et al (2012)",Free
"",Slovakia,"","","",1,aesculus hippocastanum l,"",171830,17c(1830),low confidence,nat,nat,nat,"Medveckï¿½, J et al (2012)","Medveckï¿½, J et al (2012)",Free
"",Mauritius,"","","",1,agathis stigmatera,"",1949-1951-1953,"1949-51, 1953",low confidence,established,established,established,Silvia Rossinelli & Sven Bacher,Silvia Rossinelli & Sven Bacher,Permission required from Sven Bacher (svenbacher@unifrch)
"",Slovakia,"","","",1,ailanthus altissima (mill) swingle,"",18501964,1850(1964),low confidence,inv,inv,inv,"Medveckï¿½, J et al (2012)","Medveckï¿½, J et al (2012)",Free
"",Slovakia,"","","",1,allium cepa l,"",18301950,1830(1950),low confidence,cas,cas,cas,"Medveckï¿½, J et al (2012)","Medveckï¿½, J et al (2012)",Free
"",Slovakia,"","","",1,allium karataviense regel,"",19802011,1980(2011),low confidence,cas,cas,cas,"Medveckï¿½, J et al (2012)","Medveckï¿½, J et al (2012)",Free
"",Slovakia,"","","",1,allium moly l,"",18531993,1853(1993),low confidence,cas,cas,cas,"Medveckï¿½, J et al (2012)","Medveckï¿½, J et al (2012)",Free
"",Slovakia,"","","",1,allium porrum l,"",18301984,1830(1984),low confidence,cas,cas,cas,"Medveckï¿½, J et al (2012)","Medveckï¿½, J et al (2012)",Free
"",Slovakia,"","","",1,allium sativum l,"",18301955,1830(1955),low confidence,cas,cas,cas,"Medveckï¿½, J et al (2012)","Medveckï¿½, J et al (2012)",Free
"",Slovakia,"","","",1,allium schoenoprasum l subsp schoenoprasum,"",18301979,1830(1979),low confidence,cas,cas,cas,"Medveckï¿½, J et al (2012)","Medveckï¿½, J et al (2012)",Free
"",Slovakia,"","","",1,alnus viridis (chaix) dc,"",181853,18c(1853),low confidence,nat,nat,nat,"Medveckï¿½, J et al (2012)","Medveckï¿½, J et al (2012)",Free
"",Slovakia,"","","",1,althaea armeniaca ten,"",19822006,1982(2006),low confidence,cas,cas,cas,"Medveckï¿½, J et al (2012)","Medveckï¿½, J et al (2012)",Free
"",Slovakia,"","","",1,amaranthus caudatus l,"",18961947,1896(1947),low confidence,cas,cas,cas,"Medveckï¿½, J et al (2012)","Medveckï¿½, J et al (2012)",Free
"",Slovakia,"","","",1,amaranthus cruentus l,"",18761938,1876(1938),low confidence,cas,cas,cas,"Medveckï¿½, J et al (2012)","Medveckï¿½, J et al (2012)",Free
"",Slovakia,"","","",1,amaranthus hypochondriacus l,"",17911948,1791(1948),low confidence,cas,cas,cas,"Medveckï¿½, J et al (2012)","Medveckï¿½, J et al (2012)",Free
"",Slovakia,"","","",1,amelanchier canadensis (l) medik,"",19001969,1900(1969),low confidence,cas,cas,cas,"Medveckï¿½, J et al (2012)","Medveckï¿½, J et al (2012)",Free
"",Slovakia,"","","",1,amorpha fruticosa l,"",18501931,1850(1931),low confidence,nat,nat,nat,"Medveckï¿½, J et al (2012)","Medveckï¿½, J et al (2012)",Free
"",Hawaii,"","","",1,anagrus frequens,"",1917-1919-1920-1923,1917-1919; 1920-1923,low confidence,established,established,established,Silvia Rossinelli & Sven Bacher,Silvia Rossinelli & Sven Bacher,Permission required from Sven Bacher (svenbacher@unifrch)
"",Slovakia,"","","",1,anthriscus cerefolium (l) hoffm subsp cerefolium,"",18301853,1830(1853),low confidence,cas,cas,cas,"Medveckï¿½, J et al (2012)","Medveckï¿½, J et al (2012)",Free
"",Slovakia,"","","",1,antirrhinum majus l,"",17911830,1791(1830),low confidence,cas,cas,cas,"Medveckï¿½, J et al (2012)","Medveckï¿½, J et al (2012)",Free
"",Slovakia,"","","",1,apium graveolens l,"",18301853,1830(1853),low confidence,cas,cas,cas,"Medveckï¿½, J et al (2012)","Medveckï¿½, J et al (2012)",Free
"",Slovakia,"","","",1,artemisia abrotanum l,"",18882008,1888(2008),low confidence,cas,cas,cas,"Medveckï¿½, J et al (2012)","Medveckï¿½, J et al (2012)",Free
"",Slovakia,"","","",1,artemisia dracunculus l,"",18781931,1878(1931),low confidence,cas,cas,cas,"Medveckï¿½, J et al (2012)","Medveckï¿½, J et al (2012)",Free
"",Slovakia,"","","",1,bassia scoparia (l) a j scott,"",17911926,1791(1926),low confidence,nat,nat,nat,"Medveckï¿½, J et al (2012)","Medveckï¿½, J et al (2012)",Free
"",Slovakia,"","","",1,berberis julianae c k schneid,"",19101999,1910(1999),low confidence,cas,cas,cas,"Medveckï¿½, J et al (2012)","Medveckï¿½, J et al (2012)",Free
"",Slovakia,"","","",1,berberis thunbergii dc,"",19102011,1910(2011),low confidence,cas,cas,cas,"Medveckï¿½, J et al (2012)","Medveckï¿½, J et al (2012)",Free
"",Slovakia,"","","",1,beta vulgaris l,"",18301948,1830(1948),low confidence,cas,cas,cas,"Medveckï¿½, J et al (2012)","Medveckï¿½, J et al (2012)",Free
"",Slovakia,"","","",1,borago officinalis l,"",17911866,1791(1866),low confidence,cas,cas,cas,"Medveckï¿½, J et al (2012)","Medveckï¿½, J et al (2012)",Free
"",Slovakia,"","","",1,brassica carinata a braun,"",19802002,1980(2002),low confidence,cas,cas,cas,"Medveckï¿½, J et al (2012)","Medveckï¿½, J et al (2012)",Free
"",Slovakia,"","","",1,brassica napus l,"",19131984,1913(1984),low confidence,cas,cas,cas,"Medveckï¿½, J et al (2012)","Medveckï¿½, J et al (2012)",Free
"",Slovakia,"","","",1,brassica oleracea l,"",18301958,1830(1958),low confidence,cas,cas,cas,"Medveckï¿½, J et al (2012)","Medveckï¿½, J et al (2012)",Free
"",Slovakia,"","","",1,broussonetia papyrifera (l) lï¿½ hï¿½r ex vent,"",19292005,1929(2005),low confidence,cas,cas,cas,"Medveckï¿½, J et al (2012)","Medveckï¿½, J et al (2012)",Free
"",Slovakia,"","","",1,buddleja davidii franch,"",19111942,1911(1942),low confidence,cas,cas,cas,"Medveckï¿½, J et al (2012)","Medveckï¿½, J et al (2012)",Free
"",Slovakia,"","","",1,buxus sempervirens l,"",18651931,1865(1931),low confidence,cas,cas,cas,"Medveckï¿½, J et al (2012)","Medveckï¿½, J et al (2012)",Free
"",Slovakia,"","","",1,campsis radicans (l) seem,"",202010,20c(2010),low confidence,cas,cas,cas,"Medveckï¿½, J et al (2012)","Medveckï¿½, J et al (2012)",Free
"",Slovakia,"","","",1,caragana arborescens lam,"",18901937,1890(1937),low confidence,cas,cas,cas,"Medveckï¿½, J et al (2012)","Medveckï¿½, J et al (2012)",Free
"",Slovakia,"","","",1,carya ovata (mill) k koch,"",18581958,1858(1958),low confidence,cas,cas,cas,"Medveckï¿½, J et al (2012)","Medveckï¿½, J et al (2012)",Free
"",Slovakia,"","","",1,carya tomentosa (poir) nutt,"",18581958,1858(1958),low confidence,nat,nat,nat,"Medveckï¿½, J et al (2012)","Medveckï¿½, J et al (2012)",Free
"",Slovakia,"","","",1,catalpa bignonioides walt,"",17631985,1763(1985),low confidence,cas,cas,cas,"Medveckï¿½, J et al (2012)","Medveckï¿½, J et al (2012)",Free
"",Slovakia,"","","",1,celtis australis l,"",17942011,1794(2011),low confidence,cas,cas,cas,"Medveckï¿½, J et al (2012)","Medveckï¿½, J et al (2012)",Free
"",Austria,"","","",1,celtis occidentalis,"",19171,<19171,low confidence,Not established,Not established,Not established,NOBANIS,NOBANIS,Free
"",Slovakia,"","","",1,celtis occidentalis l,"",18401972,1840(1972),low confidence,nat,nat,nat,"Medveckï¿½, J et al (2012)","Medveckï¿½, J et al (2012)",Free
"",United States,"","","",1,cgmmv,"",242013,"before July 24, 2013",low confidence,"","","",Simpson et al (2018),Simpson et al (2018),Free
"",Slovakia,"","","",1,chamaecyparis lawsoniana (a murray) parl,"",18701960,1870(1960),low confidence,cas,cas,cas,"Medveckï¿½, J et al (2012)","Medveckï¿½, J et al (2012)",Free
"",Slovakia,"","","",1,chamaecyparis nootkatensis (d don) spach,"",18601960,1860(1960),low confidence,cas,cas,cas,"Medveckï¿½, J et al (2012)","Medveckï¿½, J et al (2012)",Free
"",Slovakia,"","","",1,chenopodium integrifolium vorosch,"",19521972,1952(1972),low confidence,cas,cas,cas,"Medveckï¿½, J et al (2012)","Medveckï¿½, J et al (2012)",Free
"",Slovakia,"","","",1,chenopodium schraderianum schult,"",18931948,1893(1948),low confidence,nat,nat,nat,"Medveckï¿½, J et al (2012)","Medveckï¿½, J et al (2012)",Free
"",Japan,"","","",1,cirsium vulgare (savi) ten,"",201945-1955,Showa 20s (1945-1955) or later,low confidence,Established,Established,Established,Egawa & Koyama (2023),Egawa & Koyama (2023),Free
"",Slovakia,"","","",1,citrullus lanatus (thunb) matsum et nakai,"",161984,16c(1984),low confidence,cas,cas,cas,"Medveckï¿½, J et al (2012)","Medveckï¿½, J et al (2012)",Free
"",Slovakia,"","","",1,consolida hispanica (costa) greuter et burdet,"",18761918,1876(1918),low confidence,nat,nat,nat,"Medveckï¿½, J et al (2012)","Medveckï¿½, J et al (2012)",Free
"",Slovakia,"","","",1,cornus alba l,"",18901997,1890(1997),low confidence,cas,cas,cas,"Medveckï¿½, J et al (2012)","Medveckï¿½, J et al (2012)",Free
"",Slovakia,"","","",1,cornus alternifolia l f,"",19111969,1911(1969),low confidence,cas,cas,cas,"Medveckï¿½, J et al (2012)","Medveckï¿½, J et al (2012)",Free
"",Slovakia,"","","",1,cornus sericea l,"",19191989,1919(1989),low confidence,nat,nat,nat,"Medveckï¿½, J et al (2012)","Medveckï¿½, J et al (2012)",Free
"",Slovakia,"","","",1,corylus colurna l,"",18452003,1845(2003),low confidence,cas,cas,cas,"Medveckï¿½, J et al (2012)","Medveckï¿½, J et al (2012)",Free
"",Slovakia,"","","",1,cotoneaster divaricatus rehder et wilson,"",19041992,1904(1992),low confidence,cas,cas,cas,"Medveckï¿½, J et al (2012)","Medveckï¿½, J et al (2012)",Free
"",Slovakia,"","","",1,cotoneaster horizontalis decne,"",19091995,1909(1995),low confidence,nat,nat,nat,"Medveckï¿½, J et al (2012)","Medveckï¿½, J et al (2012)",Free
"",Slovakia,"","","",1,crambe abyssinica host ex r e fr,"",19602003,1960(2003),low confidence,cas,cas,cas,"Medveckï¿½, J et al (2012)","Medveckï¿½, J et al (2012)",Free
"",Slovakia,"","","",1,cucurbita pepo l,"",161876,16c(1876),low confidence,cas,cas,cas,"Medveckï¿½, J et al (2012)","Medveckï¿½, J et al (2012)",Free
"",Slovakia,"","","",1,cyclamen purpurascens mill subsp purpurascens,"",18901933,1890(1933),low confidence,cas,cas,cas,"Medveckï¿½, J et al (2012)","Medveckï¿½, J et al (2012)",Free
"",Norway,"","","",1,cytisus ï¿½praecox,"",1900-2000-1900,1900-2000 - 1900,low confidence,alien,alien,alien,GISD,GISD,Free
"",Canada,"","","",1,dahlbominus fuscipennis,"",1934-1943-1946,1934-1943 & 1946,low confidence,established,established,established,Silvia Rossinelli & Sven Bacher,Silvia Rossinelli & Sven Bacher,Permission required from Sven Bacher (svenbacher@unifrch)
"",Slovakia,"","","",1,digitalis purpurea l,"",18531998,1853(1998),low confidence,cas,cas,cas,"Medveckï¿½, J et al (2012)","Medveckï¿½, J et al (2012)",Free
"",Slovakia,"","","",1,echinocystis lobata (michx) torr et a gray,"",19331942,1933(1942),low confidence,inv,inv,inv,"Medveckï¿½, J et al (2012)","Medveckï¿½, J et al (2012)",Free
"",Slovakia,"","","",1,elaeagnus angustifolia l,"",18701968,1870(1968),low confidence,nat,nat,nat,"Medveckï¿½, J et al (2012)","Medveckï¿½, J et al (2012)",Free
"",Slovakia,"","","",1,elsholtzia ciliata (thunb) hyl,"",19371964,1937(1964),low confidence,cas,cas,cas,"Medveckï¿½, J et al (2012)","Medveckï¿½, J et al (2012)",Free
"",Norway,"","","",1,eryngium bourgatii,"",1950-2000-1950,1950-2000 - 1950,low confidence,alien,alien,alien,GISD,GISD,Free
"",Slovakia,"","","",1,euclidium syriacum (l) r br,"",18431843,1843(1843),low confidence,nat,nat,nat,"Medveckï¿½, J et al (2012)","Medveckï¿½, J et al (2012)",Free
"",Slovakia,"","","",1,euonymus japonicus thunb,"",18951991,1895(1991),low confidence,cas,cas,cas,"Medveckï¿½, J et al (2012)","Medveckï¿½, J et al (2012)",Free
"",Slovakia,"","","",1,euphorbia lathyris l,"",18641916,1864(1916),low confidence,cas,cas,cas,"Medveckï¿½, J et al (2012)","Medveckï¿½, J et al (2012)",Free
"",Canada Ontario,"","","",1,exenterus abruptorius,"",1972737980,"1972,73,79,80",low confidence,established,established,established,Silvia Rossinelli & Sven Bacher,Silvia Rossinelli & Sven Bacher,Permission required from Sven Bacher (svenbacher@unifrch)
"",Slovakia,"","","",1,fagopyrum tataricum (l) gaertn,"",18691956,1869(1956),low confidence,cas,cas,cas,"Medveckï¿½, J et al (2012)","Medveckï¿½, J et al (2012)",Free
"",Slovakia,"","","",1,fallopia aubertii (l henry) holub,"",19111975,1911(1975),low confidence,cas,cas,cas,"Medveckï¿½, J et al (2012)","Medveckï¿½, J et al (2012)",Free
"",Slovakia,"","","",1,fallopia sachalinensis (f schmidt) ronse decr,"",19461962,1946(1962),low confidence,nat,nat,nat,"Medveckï¿½, J et al (2012)","Medveckï¿½, J et al (2012)",Free
"",Norway,"","","",1,filipendula rubra,"",1950-2000-1950,1950-2000 - 1950,low confidence,alien,alien,alien,GISD,GISD,Free
"",Slovakia,"","","",1,foeniculum vulgare mill,"",18301977,1830(1977),low confidence,cas,cas,cas,"Medveckï¿½, J et al (2012)","Medveckï¿½, J et al (2012)",Free
"",Slovakia,"","","",1,forsythia suspensa vahl,"",18901999,1890(1999),low confidence,cas,cas,cas,"Medveckï¿½, J et al (2012)","Medveckï¿½, J et al (2012)",Free
"",Slovakia,"","","",1,fraxinus americana l,"",18041986,1804(1986),low confidence,nat,nat,nat,"Medveckï¿½, J et al (2012)","Medveckï¿½, J et al (2012)",Free
"",Slovakia,"","","",1,fraxinus pennsylvanica marshall,"",18701994,1870(1994),low confidence,nat,nat,nat,"Medveckï¿½, J et al (2012)","Medveckï¿½, J et al (2012)",Free
"",Hawaiian Islands,"","","",1,gehyra mutilata,"",4002009,~400 (Kraus (2009)),low confidence,"","","",Simpson et al (2018),Simpson et al (2018),Free
"",Slovakia,"","","",1,glaucium flavum crantz,"",17911830,1791(1830),low confidence,cas,cas,cas,"Medveckï¿½, J et al (2012)","Medveckï¿½, J et al (2012)",Free
"",Slovakia,"","","",1,gleditsia triacanthos l,"",18061937,1806(1937),low confidence,nat,nat,nat,"Medveckï¿½, J et al (2012)","Medveckï¿½, J et al (2012)",Free
"",Slovakia,"","","",1,glycine max (l) merr,"",19681984,1968(1984),low confidence,cas,cas,cas,"Medveckï¿½, J et al (2012)","Medveckï¿½, J et al (2012)",Free
"",Slovakia,"","","",1,gymnocladus dioica (l) k koch,"",17941984,1794(1984),low confidence,cas,cas,cas,"Medveckï¿½, J et al (2012)","Medveckï¿½, J et al (2012)",Free
"",Slovakia,"","","",1,gypsophila scorzonerifolia ser,"",18192011,1819(2011),low confidence,cas,cas,cas,"Medveckï¿½, J et al (2012)","Medveckï¿½, J et al (2012)",Free
"",Slovakia,"","","",1,helianthus annuus l,"",18301853,1830(1853),low confidence,cas,cas,cas,"Medveckï¿½, J et al (2012)","Medveckï¿½, J et al (2012)",Free
"",Slovakia,"","","",1,helianthus tuberosus l,"",18301956,1830(1956),low confidence,inv,inv,inv,"Medveckï¿½, J et al (2012)","Medveckï¿½, J et al (2012)",Free
"",Slovakia,"","","",1,helleborus viridis l,"",18551864,1855(1864),low confidence,cas ,cas ,cas ,"Medveckï¿½, J et al (2012)","Medveckï¿½, J et al (2012)",Free
"",Slovakia,"","","",1,hemerocallis fulva (l) l,"",17911876,1791(1876),low confidence,nat,nat,nat,"Medveckï¿½, J et al (2012)","Medveckï¿½, J et al (2012)",Free
"",Hawaiian Islands,"","","",1,hemiphyllodactylus typus,"",4002009,~400 (Kraus (2009)),low confidence,"","","",Simpson et al (2018),Simpson et al (2018),Free
"",Slovakia,"","","",1,hibiscus syriacus l,"",18112002,1811(2002),low confidence,cas,cas,cas,"Medveckï¿½, J et al (2012)","Medveckï¿½, J et al (2012)",Free
"",Slovakia,"","","",1,hippophae rhamnoides l,"",18902002,1890(2002),low confidence,cas,cas,cas,"Medveckï¿½, J et al (2012)","Medveckï¿½, J et al (2012)",Free
"",Slovakia,"","","",1,hyssopus officinalis l,"",18301919,1830(1919),low confidence,nat,nat,nat,"Medveckï¿½, J et al (2012)","Medveckï¿½, J et al (2012)",Free
"",Slovakia,"","","",1,ilex aquifolium l,"",18201982,1820(1982),low confidence,cas,cas,cas,"Medveckï¿½, J et al (2012)","Medveckï¿½, J et al (2012)",Free
"",Slovakia,"","","",1,irisï¿½sambucina l,"",18811936,1881(1936),low confidence,cas,cas,cas,"Medveckï¿½, J et al (2012)","Medveckï¿½, J et al (2012)",Free
"",Slovakia,"","","",1,juglans nigra l,"",17701984,1770(1984),low confidence,nat,nat,nat,"Medveckï¿½, J et al (2012)","Medveckï¿½, J et al (2012)",Free
"",Slovakia,"","","",1,kerria japonica (l) dc,"",19002000,1900(2000),low confidence,cas,cas,cas,"Medveckï¿½, J et al (2012)","Medveckï¿½, J et al (2012)",Free
"",Slovakia,"","","",1,koelreuteria paniculata laxm,"",18501982,1850(1982),low confidence,cas,cas,cas,"Medveckï¿½, J et al (2012)","Medveckï¿½, J et al (2012)",Free
"",Slovakia,"","","",1,lathyrus odoratus l,"",18711931,1871(1931),low confidence,cas,cas,cas,"Medveckï¿½, J et al (2012)","Medveckï¿½, J et al (2012)",Free
"",Slovakia,"","","",1,lavandula angustifolia mill,"",18301993,1830(1993),low confidence,cas,cas,cas,"Medveckï¿½, J et al (2012)","Medveckï¿½, J et al (2012)",Free
"",Hawaiian Islands,"","","",1,lepidodactylus lugubris,"",4002009,~400 (Kraus (2009)),low confidence,"","","",Simpson et al (2018),Simpson et al (2018),Free
"",Slovakia,"","","",1,ligustrum ovalifolium hassk,"",19101999,1910(1999),low confidence,cas,cas,cas,"Medveckï¿½, J et al (2012)","Medveckï¿½, J et al (2012)",Free
"",Slovakia,"","","",1,liriodendron tulipifera l,"",17941960,1794(1960),low confidence,cas,cas,cas,"Medveckï¿½, J et al (2012)","Medveckï¿½, J et al (2012)",Free
"",Slovakia,"","","",1,lonicera maackii (rupr) maxim,"",19012005,1901(2005),low confidence,cas,cas,cas,"Medveckï¿½, J et al (2012)","Medveckï¿½, J et al (2012)",Free
"",Slovakia,"","","",1,lonicera tatarica l,"",18901931,1890(1931),low confidence,nat,nat,nat,"Medveckï¿½, J et al (2012)","Medveckï¿½, J et al (2012)",Free
"",Slovakia,"","","",1,lycium chinense mill,"",19932005,1993(2005),low confidence,cas,cas,cas,"Medveckï¿½, J et al (2012)","Medveckï¿½, J et al (2012)",Free
"",Slovakia,"","","",1,lycopersicon esculentum mill,"",18301956,1830(1956),low confidence,cas,cas,cas,"Medveckï¿½, J et al (2012)","Medveckï¿½, J et al (2012)",Free
"",Slovakia,"","","",1,macleaya cordata (willd) r br,"",19281938,1928(1938),low confidence,cas,cas,cas,"Medveckï¿½, J et al (2012)","Medveckï¿½, J et al (2012)",Free
"",Slovakia,"","","",1,maclura pomifera (raf) c k schneid,"",18471964,1847(1964),low confidence,cas,cas,cas,"Medveckï¿½, J et al (2012)","Medveckï¿½, J et al (2012)",Free
"",Slovakia,"","","",1,mahonia aquifolium (pursh) nutt,"",18951963,1895(1963),low confidence,nat,nat,nat,"Medveckï¿½, J et al (2012)","Medveckï¿½, J et al (2012)",Free
"",Slovakia,"","","",1,majorana hortensis moench,"",18301956,1830(1956),low confidence,cas,cas,cas,"Medveckï¿½, J et al (2012)","Medveckï¿½, J et al (2012)",Free
"",Slovakia,"","","",1,melissa officinalis l,"",18301869,1830(1869),low confidence,cas,cas,cas,"Medveckï¿½, J et al (2012)","Medveckï¿½, J et al (2012)",Free
"",Slovakia,"","","",1,mentha spicata l subsp spicata,"",17911895,1791(1895),low confidence,cas,cas,cas,"Medveckï¿½, J et al (2012)","Medveckï¿½, J et al (2012)",Free
"",Slovakia,"","","",1,mentha ï¿½piperita l,"",18301956,1830(1956),low confidence,cas,cas,cas,"Medveckï¿½, J et al (2012)","Medveckï¿½, J et al (2012)",Free
"",Slovakia,"","","",1,metasequoia glyptrostroboides hu et cheng,"",19682011,1968(2011),low confidence,cas,cas,cas,"Medveckï¿½, J et al (2012)","Medveckï¿½, J et al (2012)",Free
"",Slovakia,"","","",1,mimulus moschatus douglas ex lindl,"",19972005,1997(2005),low confidence,cas,cas,cas,"Medveckï¿½, J et al (2012)","Medveckï¿½, J et al (2012)",Free
"",Slovakia,"","","",1,morus alba l,"",17201830,1720(1830),low confidence,nat,nat,nat,"Medveckï¿½, J et al (2012)","Medveckï¿½, J et al (2012)",Free
"",Slovakia,"","","",1,myrrhis odorata (l) scop,"",162002,16c(2002),low confidence,cas,cas,cas,"Medveckï¿½, J et al (2012)","Medveckï¿½, J et al (2012)",Free
"",Slovakia,"","","",1,narcissus poeticus l,"",17911856,1791(1856),low confidence,cas,cas,cas,"Medveckï¿½, J et al (2012)","Medveckï¿½, J et al (2012)",Free
"",Slovakia,"","","",1,narcissus pseudonarcissus l,"",17911863,1791(1863),low confidence,cas,cas,cas,"Medveckï¿½, J et al (2012)","Medveckï¿½, J et al (2012)",Free
"",Slovakia,"","","",1,nepeta racemosa lam,"",19972010,1997(2010),low confidence,cas,cas,cas,"Medveckï¿½, J et al (2012)","Medveckï¿½, J et al (2012)",Free
"",Hungary,"","","",1,nymphaea lotus var thermalis l,"",17981842,(1798)1842,low confidence,"","","",Lukacs et al (2014),Lukacs et al (2014),Free
"",Slovakia,"","","",1,oryza sativa l,"",172008,17c(2008),low confidence,cas,cas,cas,"Medveckï¿½, J et al (2012)","Medveckï¿½, J et al (2012)",Free
"",Slovakia,"","","",1,ostrya carpinifolia scop,"",19032006,1903(2006),low confidence,cas,cas,cas,"Medveckï¿½, J et al (2012)","Medveckï¿½, J et al (2012)",Free
"",Slovakia,"","","",1,"oxalis latifolia humb, bonpl et kunth","",19811987,1981(1987),low confidence,cas,cas,cas,"Medveckï¿½, J et al (2012)","Medveckï¿½, J et al (2012)",Free
"",Slovakia,"","","",1,parthenocissus tricuspidata (siebold et zucc) planch,"",19001998,1900(1998),low confidence,cas,cas,cas,"Medveckï¿½, J et al (2012)","Medveckï¿½, J et al (2012)",Free
"",Slovakia,"","","",1,paulownia tomentosa (thunb) steud,"",18701988,1870(1988),low confidence,nat,nat,nat,"Medveckï¿½, J et al (2012)","Medveckï¿½, J et al (2012)",Free
"",Slovakia,"","","",1,petroselinum crispum (mill) a w hill,"",18301940,1830(1940),low confidence,cas,cas,cas,"Medveckï¿½, J et al (2012)","Medveckï¿½, J et al (2012)",Free
"",Slovakia,"","","",1,phaseolus coccineus l,"",18301919,1830(1919),low confidence,cas,cas,cas,"Medveckï¿½, J et al (2012)","Medveckï¿½, J et al (2012)",Free
"",Slovakia,"","","",1,phaseolus vulgaris l,"",18301920,1830(1920),low confidence,cas,cas,cas,"Medveckï¿½, J et al (2012)","Medveckï¿½, J et al (2012)",Free
"",Slovakia,"","","",1,philadelphus coronarius l,"",18471853,1847(1853),low confidence,cas,cas,cas,"Medveckï¿½, J et al (2012)","Medveckï¿½, J et al (2012)",Free
"",Slovakia,"","","",1,philadelphus latifolius schrad,"",19852000,1985(2000),low confidence,cas,cas,cas,"Medveckï¿½, J et al (2012)","Medveckï¿½, J et al (2012)",Free
"",Slovakia,"","","",1,phlox subulata l,"",19852006,1985(2006),low confidence,cas,cas,cas,"Medveckï¿½, J et al (2012)","Medveckï¿½, J et al (2012)",Free
"",Slovakia,"","","",1,physalis franchetii mast,"",19931996,1993(1996),low confidence,cas,cas,cas,"Medveckï¿½, J et al (2012)","Medveckï¿½, J et al (2012)",Free
"",Slovakia,"","","",1,physocarpus opulifolius (l) maxim,"",18901931,1890(1931),low confidence,cas,cas,cas,"Medveckï¿½, J et al (2012)","Medveckï¿½, J et al (2012)",Free
"",Slovakia,"","","",1,picea orientalis (l) link,"",18801967,1880(1967),low confidence,cas,cas,cas,"Medveckï¿½, J et al (2012)","Medveckï¿½, J et al (2012)",Free
"",Slovakia,"","","",1,pinus nigra j f arnold,"",18001929,1800(1929),low confidence,nat,nat,nat,"Medveckï¿½, J et al (2012)","Medveckï¿½, J et al (2012)",Free
"",Slovakia,"","","",1,pinus peuce grisebach,"",19081960,1908(1960),low confidence,cas,cas,cas,"Medveckï¿½, J et al (2012)","Medveckï¿½, J et al (2012)",Free
"",Slovakia,"","","",1,pinus strobus l,"",18001960,1800(1960),low confidence,nat,nat,nat,"Medveckï¿½, J et al (2012)","Medveckï¿½, J et al (2012)",Free
"",Slovakia,"","","",1,platanus occidentalis l,"",17701931,1770(1931),low confidence,cas,cas,cas,"Medveckï¿½, J et al (2012)","Medveckï¿½, J et al (2012)",Free
"",Slovakia,"","","",1,platanus orientalis l,"",17501995,1750(1995),low confidence,cas,cas,cas,"Medveckï¿½, J et al (2012)","Medveckï¿½, J et al (2012)",Free
"",Slovakia,"","","",1,platanus ï¿½hispanica mï¿½nchh,"",17501984,1750(1984),low confidence,cas,cas,cas,"Medveckï¿½, J et al (2012)","Medveckï¿½, J et al (2012)",Free
"",Slovakia,"","","",1,platycladus orientalis (l) franco,"",18001980,1800(1980),low confidence,cas,cas,cas,"Medveckï¿½, J et al (2012)","Medveckï¿½, J et al (2012)",Free
"",Slovakia,"","","",1,populus trichocarpa torr et a gray,"",19051960,1905(1960),low confidence,cas,cas,cas,"Medveckï¿½, J et al (2012)","Medveckï¿½, J et al (2012)",Free
"",Slovakia,"","","",1,populus ï¿½canadensis moench,"",18001912,1800(1912),low confidence,nat,nat,nat,"Medveckï¿½, J et al (2012)","Medveckï¿½, J et al (2012)",Free
"",Norway,"","","",1,potentilla argyrophylla,"",1900-2000-1900,1900-2000 - 1900,low confidence,alien,alien,alien,GISD,GISD,Free
"",Slovakia,"","","",1,potentilla fruticosa l,"",18902010,1890(2010),low confidence,cas,cas,cas,"Medveckï¿½, J et al (2012)","Medveckï¿½, J et al (2012)",Free
"",Slovakia,"","","",1,prunus cerasifera ehrh,"",18901974,1890(1974),low confidence,nat,nat,nat,"Medveckï¿½, J et al (2012)","Medveckï¿½, J et al (2012)",Free
"",Slovakia,"","","",1,prunus laurocerasus l,"",18251982,1825(1982),low confidence,cas,cas,cas,"Medveckï¿½, J et al (2012)","Medveckï¿½, J et al (2012)",Free
"",Slovakia,"","","",1,prunus serotina ehrh,"",19001976,1900(1976),low confidence,nat,nat,nat,"Medveckï¿½, J et al (2012)","Medveckï¿½, J et al (2012)",Free
"",Slovakia,"","","",1,prunus virginiana l,"",19001933,1900(1933),low confidence,cas,cas,cas,"Medveckï¿½, J et al (2012)","Medveckï¿½, J et al (2012)",Free
"",Slovakia,"","","",1,pseudotsuga menziesii (mirb) franco,"",18301860,1830(1860),low confidence,cas,cas,cas,"Medveckï¿½, J et al (2012)","Medveckï¿½, J et al (2012)",Free
"",Slovakia,"","","",1,pyracantha coccinea m roem,"",18922002,1892(2002),low confidence,cas,cas,cas,"Medveckï¿½, J et al (2012)","Medveckï¿½, J et al (2012)",Free
"",Slovakia,"","","",1,quercus rubra l,"",18551982,1855(1982),low confidence,nat,nat,nat,"Medveckï¿½, J et al (2012)","Medveckï¿½, J et al (2012)",Free
"",Slovakia,"","","",1,raphanus sativus l,"",18301853,1830(1853),low confidence,cas,cas,cas,"Medveckï¿½, J et al (2012)","Medveckï¿½, J et al (2012)",Free
"",Slovakia,"","","",1,rheum rhabarbarum l,"",19801997,1980(1997),low confidence,cas,cas,cas,"Medveckï¿½, J et al (2012)","Medveckï¿½, J et al (2012)",Free
"",Slovakia,"","","",1,rhodotypos scandens (thunb) makino,"",19002002,1900(2002),low confidence,cas,cas,cas,"Medveckï¿½, J et al (2012)","Medveckï¿½, J et al (2012)",Free
"",Slovakia,"","","",1,rhus typhina l,"",191871,19c(1871),low confidence,cas,cas,cas,"Medveckï¿½, J et al (2012)","Medveckï¿½, J et al (2012)",Free
"",Slovakia,"","","",1,ribes aureum pursh,"",18901926,1890(1926),low confidence,nat,nat,nat,"Medveckï¿½, J et al (2012)","Medveckï¿½, J et al (2012)",Free
"",Slovakia,"","","",1,ribes rubrum l,"",17911830,1791(1830),low confidence,nat,nat,nat,"Medveckï¿½, J et al (2012)","Medveckï¿½, J et al (2012)",Free
"",Slovakia,"","","",1,robinia pseudoacacia l,"",17201830,1720(1830),low confidence,inv,inv,inv,"Medveckï¿½, J et al (2012)","Medveckï¿½, J et al (2012)",Free
"",Slovakia,"","","",1,rosa rugosa thunb,"",19921995,1992(1995),low confidence,cas,cas,cas,"Medveckï¿½, J et al (2012)","Medveckï¿½, J et al (2012)",Free
"",Slovakia,"","","",1,ruta graveolens l,"",18301853,1830(1853),low confidence,cas,cas,cas,"Medveckï¿½, J et al (2012)","Medveckï¿½, J et al (2012)",Free
"",Chile,"","","",1,scutellista cyanea,"",1931-19331936,"1931, 1933, 1936",low confidence,established,established,established,Silvia Rossinelli & Sven Bacher,Silvia Rossinelli & Sven Bacher,Permission required from Sven Bacher (svenbacher@unifrch)
"",United States,"","","",1,senecio linearifolius,"",202006,20 years before 2006,low confidence,"","","",Simpson et al (2018),Simpson et al (2018),Free
"",Slovakia,"","","",1,seseli rigidum waldst et kit,"",191966,19c(1966),low confidence,nat,nat,nat,"Medveckï¿½, J et al (2012)","Medveckï¿½, J et al (2012)",Free
"",Germany,"","","",1,shinnersia rivularis,freshwater,19923,1992/3,low confidence,Casual,Casual,Casual,Hussner et al (2010),Hussner et al (2010),Free
"",Slovakia,"","","",1,silene pendula,"",18671967,1867(1967),low confidence,cas,cas,cas,"Medveckï¿½, J et al (2012)","Medveckï¿½, J et al (2012)",Free
"",Slovakia,"","","",1,solanum melongena l,"",19291993,1929(1993),low confidence,cas,cas,cas,"Medveckï¿½, J et al (2012)","Medveckï¿½, J et al (2012)",Free
"",Slovakia,"","","",1,solanum tuberosum l,"",18301923,1830(1923),low confidence,cas,cas,cas,"Medveckï¿½, J et al (2012)","Medveckï¿½, J et al (2012)",Free
"",Slovakia,"","","",1,sophora japonica l,"",18401986,1840(1986),low confidence,cas,cas,cas,"Medveckï¿½, J et al (2012)","Medveckï¿½, J et al (2012)",Free
"",Slovakia,"","","",1,sorbaria sorbifolia (l) a braun,"",19302005,1930(2005),low confidence,cas,cas,cas,"Medveckï¿½, J et al (2012)","Medveckï¿½, J et al (2012)",Free
"",Slovakia,"","","",1,spinacia oleracea l,"",17911830,1791(1830),low confidence,cas,cas,cas,"Medveckï¿½, J et al (2012)","Medveckï¿½, J et al (2012)",Free
"",Slovakia,"","","",1,spiraea douglasii hook,"",18901956,1890(1956),low confidence,cas,cas,cas,"Medveckï¿½, J et al (2012)","Medveckï¿½, J et al (2012)",Free
"",Slovakia,"","","",1,spiraea ï¿½vanhouttei (briot) zabel,"",19201931,1920(1931),low confidence,cas,cas,cas,"Medveckï¿½, J et al (2012)","Medveckï¿½, J et al (2012)",Free
"",Slovakia,"","","",1,symphoricarpos albus (l) s f blake,"",191956,19c(1956),low confidence,cas,cas,cas,"Medveckï¿½, J et al (2012)","Medveckï¿½, J et al (2012)",Free
"",Slovakia,"","","",1,symphoricarpos orbiculatus moench,"",18902005,1890(2005),low confidence,cas,cas,cas,"Medveckï¿½, J et al (2012)","Medveckï¿½, J et al (2012)",Free
"",Slovakia,"","","",1,syringa vulgaris l,"",16501830,1650(1830),low confidence,nat,nat,nat,"Medveckï¿½, J et al (2012)","Medveckï¿½, J et al (2012)",Free
"",Slovakia,"","","",1,tamarix gallica l,"",18471991,1847(1991),low confidence,cas,cas,cas,"Medveckï¿½, J et al (2012)","Medveckï¿½, J et al (2012)",Free
"",Slovakia,"","","",1,toxicodendron radicans (l) kuntze,"",19802005,1980(2005),low confidence,cas,cas,cas,"Medveckï¿½, J et al (2012)","Medveckï¿½, J et al (2012)",Free
"",Portugal (Madeira),"","","",1,toxoptera aurantii boyer de fonscolombe 1841,"",1903-1914-1966,"1903, 1914 - 1966",low confidence,Established,Established,Established,DAISIE (updated by Helen Roy),DAISIE (updated by Helen Roy),Free
"",Slovakia,"","","",1,trifolium incarnatum l,"",18501923,1850(1923),low confidence,cas,cas,cas,"Medveckï¿½, J et al (2012)","Medveckï¿½, J et al (2012)",Free
"",Norway,"","","",1,triticum spelta,"",1920-1980-1920,1920-1980 - 1920,low confidence,alien,alien,alien,GISD,GISD,Free
"",Slovakia,"","","",1,tropaeolum majus l,"",19821997,1982(1997),low confidence,cas,cas,cas,"Medveckï¿½, J et al (2012)","Medveckï¿½, J et al (2012)",Free
"",Slovakia,"","","",1,viburnum carlesii hemsl,"",19852000,1985(2000),low confidence,cas,cas,cas,"Medveckï¿½, J et al (2012)","Medveckï¿½, J et al (2012)",Free
"",Slovakia,"","","",1,viburnum rhytidophyllum hemsl,"",19012005,1901(2005),low confidence,cas,cas,cas,"Medveckï¿½, J et al (2012)","Medveckï¿½, J et al (2012)",Free
"",Slovakia,"","","",1,xanthoceras sorbifolium bunge,"",19882005,1988(2005),low confidence,cas,cas,cas,"Medveckï¿½, J et al (2012)","Medveckï¿½, J et al (2012)",Free
"",Slovakia,"","","",1,yucca filamentosa l,"",18901981,1890(1981),low confidence,cas,cas,cas,"Medveckï¿½, J et al (2012)","Medveckï¿½, J et al (2012)",Free
"",Slovakia,"","","",1,zea mays l,"",18301931,1830(1931),low confidence,cas,cas,cas,"Medveckï¿½, J et al (2012)","Medveckï¿½, J et al (2012)",Free
