FirstRecord,verbatimEventDate,eventRemarks
"",Imported since mid-age,low confidence
-980,"3,000 or more years ago",low confidence
19641984,"1960s, 1980s",low confidence
"",Imported since mid-age,low confidence
"",Recent,low confidence
"",Just after WWII,low confidence
"",Pre WWII,low confidence
"",Pre WWII,low confidence
17281736,1728 or 1736,low confidence
19111924,1911 � 1924,low confidence
"",Pre WWII,low confidence
"",1,low confidence
"",perennial,low confidence
"",Modern times,low confidence
"",Mordern times,low confidence
"",Ancient,low confidence
"",Ancient,low confidence
"",After 25,low confidence
"",Ancient,low confidence
"",Modern,low confidence
"",Modern,low confidence
"",Mordern,low confidence
"",Modern,low confidence
"",Modern,low confidence
"",Mordern,low confidence
"",Ancient,low confidence
-139,BC 139,low confidence
"",Mordern,low confidence
"",Modern,low confidence
"",Modern,low confidence
"",Modern,low confidence
"",Ancient,low confidence
"",Modern,low confidence
"",Modern,low confidence
"",Modern,low confidence
"",Modern,low confidence
"",65,low confidence
"",Ancient,low confidence
"",Ancient,low confidence
"",Ancient,low confidence
"",Mordern,low confidence
"",Ancient,low confidence
"",Mordern,low confidence
19031914-1966,"1903, 1914-1966",low confidence
1900-1999-1900,1900-1999-1900,low confidence
1900-2000-1900,1900-2000-1900,low confidence
1950-2000-1950,1950-2000-1950,low confidence
1950-2000-1950,1950-2000-1950,low confidence
1900-2000-1900,1900-2000-1900,low confidence
1920-1980-1920,1920-1980-1920,low confidence
19923,1992/3,low confidence
18241845,1824�1845,low confidence
18241845,1824�1845,low confidence
"",1877-82,low confidence
19641970,1964 & 1970,low confidence
"",Firtst century AD,low confidence
19391945,1939�1945,low confidence
19061908,1906�1908,low confidence
"",N,low confidence
"",M,low confidence
"",M,low confidence
"",N,low confidence
"",M,low confidence
"",B,low confidence
"",I,low confidence
"",I,low confidence
"",N,low confidence
"",N,low confidence
"",N,low confidence
"",N,low confidence
"",N,low confidence
"",M,low confidence
"",M,low confidence
"",M,low confidence
"",B,low confidence
"",B,low confidence
"",M,low confidence
"",B,low confidence
"",B,low confidence
"",N,low confidence
"",B,low confidence
"",B,low confidence
"",M,low confidence
"",I,low confidence
"",M,low confidence
"",M,low confidence
"",M,low confidence
"",M,low confidence
"",M,low confidence
"",N,low confidence
"",B,low confidence
"",M,low confidence
"",N,low confidence
"",I,low confidence
"",I,low confidence
"",B,low confidence
"",N,low confidence
"",I,low confidence
"",B,low confidence
"",N,low confidence
"",B,low confidence
"",N,low confidence
"",B,low confidence
"",M,low confidence
"",M,low confidence
"",M,low confidence
"",M,low confidence
"",N,low confidence
"",M,low confidence
"",M,low confidence
"",N,low confidence
"",B,low confidence
"",M,low confidence
"",M,low confidence
"",M,low confidence
"",M,low confidence
"",N,low confidence
"",N,low confidence
"",M,low confidence
"",M,low confidence
"",M,low confidence
"",M,low confidence
"",M,low confidence
"",M,low confidence
"",M,low confidence
"",M,low confidence
"",M,low confidence
"",B,low confidence
"",B,low confidence
"",I,low confidence
"",I,low confidence
"",N,low confidence
"",N,low confidence
"",N,low confidence
"",B,low confidence
"",N,low confidence
"",M,low confidence
"",N,low confidence
"",N,low confidence
"",N,low confidence
"",B,low confidence
"",N,low confidence
"",M,low confidence
"",N,low confidence
"",N,low confidence
"",N,low confidence
"",M,low confidence
"",M,low confidence
"",nd,low confidence
"",nd,low confidence
"",nd,low confidence
"",nd,low confidence
"",nd,low confidence
"",nd,low confidence
"",nd,low confidence
"",nd,low confidence
"",nd,low confidence
"",nd,low confidence
"",nd,low confidence
"",nd,low confidence
"",nd,low confidence
"",nd,low confidence
"",nd,low confidence
"",nd,low confidence
"",nd,low confidence
"",nd,low confidence
"",nd,low confidence
"",nd,low confidence
"",nd,low confidence
"",nd,low confidence
"",nd,low confidence
"",nd,low confidence
"",nd,low confidence
"",nd,low confidence
"",nd,low confidence
"",nd,low confidence
"",nd,low confidence
"",nd,low confidence
"",nd,low confidence
"",nd,low confidence
"",nd,low confidence
"",nd,low confidence
"",nd,low confidence
"",nd,low confidence
"",nd,low confidence
"",nd,low confidence
"",nd,low confidence
"",nd,low confidence
"",nd,low confidence
"",nd,low confidence
"",nd,low confidence
"",nd,low confidence
"",nd,low confidence
"",nd,low confidence
"",nd,low confidence
"",nd,low confidence
"",nd,low confidence
"",nd,low confidence
"",nd,low confidence
"",nd,low confidence
"",nd,low confidence
"",nd,low confidence
"",nd,low confidence
"",nd,low confidence
"",nd,low confidence
"",nd,low confidence
"",nd,low confidence
"",nd,low confidence
"",nd,low confidence
"",nd,low confidence
"",nd,low confidence
"",nd,low confidence
"",nd,low confidence
"",nd,low confidence
"",nd,low confidence
"",nd,low confidence
"",nd,low confidence
"",nd,low confidence
"",nd,low confidence
"",nd,low confidence
"",nd,low confidence
"",nd,low confidence
"",nd,low confidence
"",nd,low confidence
"",nd,low confidence
"",nd,low confidence
"",nd,low confidence
"",nd,low confidence
"",nd,low confidence
"",nd,low confidence
"",nd,low confidence
"",nd,low confidence
"",nd,low confidence
"",nd,low confidence
"",nd,low confidence
"",nd,low confidence
"",nd,low confidence
"",nd,low confidence
"",nd,low confidence
"",nd,low confidence
"",nd,low confidence
"",nd,low confidence
"",nd,low confidence
"",nd,low confidence
"",nd,low confidence
"",nd,low confidence
"",nd,low confidence
"",nd,low confidence
"",nd,low confidence
"",nd,low confidence
"",nd,low confidence
"",nd,low confidence
"",nd,low confidence
"",nd,low confidence
"",nd,low confidence
"",nd,low confidence
"",nd,low confidence
"",nd,low confidence
"",nd,low confidence
"",nd,low confidence
"",nd,low confidence
"",nd,low confidence
"",nd,low confidence
"",nd,low confidence
"",nd,low confidence
"",Neophyte,low confidence
"",Middle Ages,low confidence
"",Bronze Age,low confidence
"",Neophyte,low confidence
"",Neolithic time,low confidence
"",Neolithic time,low confidence
"",Neophyte,low confidence
"",Archaeophyte,low confidence
"",Archaeophyte,low confidence
"",Archaeophyte,low confidence
"",Middle Ages,low confidence
"",Archaeophyte,low confidence
"",Archaeophyte,low confidence
"",Archaeophyte,low confidence
"",Archaeophyte,low confidence
"",Archaeophyte,low confidence
"",Middle Ages,low confidence
"",Archaeophyte,low confidence
"",Middle Ages,low confidence
"",Archaeophyte,low confidence
"",Middle Ages,low confidence
"",Archaeophyte,low confidence
"",Middle Ages,low confidence
"",Archaeophyte,low confidence
"",Archaeophyte,low confidence
"",Archaeophyte,low confidence
"",Bronze Age,low confidence
"",Archaeophyte,low confidence
"",Middle Ages,low confidence
"",Middle Ages,low confidence
"",Middle Ages,low confidence
-550,-550,low confidence
"",Middle Ages,low confidence
-550,-550,low confidence
"",Native,low confidence
"",Middle Ages,low confidence
19171,<19171,low confidence
"",Middle Ages,low confidence
"",Neophyte,low confidence
"",Middle Ages,low confidence
"",Archaeophyte,low confidence
"",Neophyte,low confidence
"",Middle Ages,low confidence
"",Middle Ages,low confidence
"",Middle Ages,low confidence
"",Prehistoric time,low confidence
"",Middle Ages,low confidence
"",Middle Ages,low confidence
"",Middle Ages,low confidence
"",Neolithic time,low confidence
"",Archaeophyte,low confidence
"",Neophyte,low confidence
"",Bronze Age,low confidence
"",Archaeophyte,low confidence
"",Archaeophyte,low confidence
"",Iron Age,low confidence
"",Middle Ages,low confidence
"",Archaeophyte,low confidence
"",Neolithic time,low confidence
"",Neolithic time,low confidence
"",Archaeophyte,low confidence
"",Neophyte,low confidence
"",Neophyte,low confidence
"",Neophyte,low confidence
"",Neophyte,low confidence
"",Neolithic time,low confidence
"",Neophyte,low confidence
"",Archaeophyte,low confidence
"",Neolithic time,low confidence
"",Middle Ages,low confidence
"",Archaeophyte,low confidence
"",Neophyte,low confidence
"",Prehistoric time,low confidence
"",Middle Ages,low confidence
"",Bronze Age,low confidence
"",Neophyte,low confidence
"",Archaeophyte,low confidence
"",Middle Ages,low confidence
"",Neophyte,low confidence
"",Archaeophyte,low confidence
"",Iron Age,low confidence
"",Middle Ages,low confidence
"",Middle Ages,low confidence
"",Archaeophyte,low confidence
"",Archaeophyte,low confidence
"",Archaeophyte,low confidence
-400,400 (BC),low confidence
"",Middle Ages,low confidence
"",Middle Ages,low confidence
"",Archaeophyte,low confidence
"",Iron Age,low confidence
16881800,1688 or 1800,low confidence
"",Neolithic time,low confidence
-500,Pre 500 (BC),low confidence
"",Neolithic time,low confidence
"",Middle Ages,low confidence
"",Archaeophyte,low confidence
"",Archaeophyte,low confidence
"",Middle Ages,low confidence
"",Archaeophyte,low confidence
"",Archaeophyte,low confidence
"",Neophyte,low confidence
"",Archaeophyte,low confidence
"",Archaeophyte,low confidence
"",Neophyte,low confidence
"",Archaeophyte,low confidence
"",Neophyte,low confidence
"",Archaeophyte,low confidence
"",Archaeophyte,low confidence
"",Archaeophyte,low confidence
"",Archaeophyte,low confidence
"",Neophyte,low confidence
"",Neophyte,low confidence
"",Neophyte,low confidence
"",Neolithic time,low confidence
"",Archaeophyte,low confidence
"",Archaeophyte,low confidence
"",Neophyte,low confidence
"",Middle Ages,low confidence
"",Neophyte,low confidence
"",Neophyte,low confidence
"",Archaeophyte,low confidence
"",Archaeophyte,low confidence
"",Bronze Age,low confidence
"",Neophyte,low confidence
"",Archaeophyte,low confidence
"",Neolithic time,low confidence
"",Archaeophyte,low confidence
"",Neolithic time,low confidence
"",Neolithic time,low confidence
"",Neolithic time,low confidence
"",Middle Ages,low confidence
"",Neophyte,low confidence
"",Middle Ages,low confidence
"",Archaeophyte,low confidence
"",Middle Ages,low confidence
"",Middle Ages,low confidence
"",Archaeophyte,low confidence
"",Neophyte,low confidence
"",Neophyte,low confidence
"",Neophyte,low confidence
"",Middle Ages,low confidence
"",Archaeophyte,low confidence
"",Neophyte,low confidence
"",Neolithic time,low confidence
"",Middle Ages,low confidence
"",Archaeophyte,low confidence
"",Middle Ages,low confidence
-500,Pre 500 (BC),low confidence
-500,Pre 500 (BC),low confidence
"",Neolithic time,low confidence
"",Middle Ages,low confidence
"",Middle Ages,low confidence
"",Neophyte,low confidence
"",-100-0,low confidence
-200,-200,low confidence
"",-100-0,low confidence
-979,-1400--700,low confidence
"",-100-0,low confidence
-468,-1000-700,low confidence
-638,-3000--2000,low confidence
"",0,low confidence
"",  ,low confidence
-926,-1000--100,low confidence
-851,-1000-0,low confidence
-218,-218,low confidence
"",-100-0,low confidence
"",0,low confidence
"",50,low confidence
"",-100-0,low confidence
-167,-6000--2000,low confidence
-159,-300--100,low confidence
"",0-100,low confidence
-429,-429,low confidence
-882,-900--500,low confidence
-700,-700,low confidence
-200,-200,low confidence
-297,-600--400,low confidence
-781,-5600--5500,low confidence
-871,-1400--700,low confidence
"",-1200--500,low confidence
18561866,1850s � 1860s,low confidence
"",17th,low confidence
"",17th,low confidence
"",17th,low confidence
"",19th cen,low confidence
"",19th cen,low confidence
"",17th cen,low confidence
"",19th cen,low confidence
"",19th cen,low confidence
"",-,low confidence
"",19th cen,low confidence
"",19th cen,low confidence
"",19th cen,low confidence
"",19th cen,low confidence
"",19th cen,low confidence
"",19th cen,low confidence
"",19th cen,low confidence
"",19th cen,low confidence
"",19th cen,low confidence
"",19th cen,low confidence
"",19th cen,low confidence
"",19th cen,low confidence
"",19th cen,low confidence
"",17th cen,low confidence
"",17th cen,low confidence
"",19th cen,low confidence
"",19th cen,low confidence
"",19th cen,low confidence
"",19th cen,low confidence
"",19th cen,low confidence
"",18th cen,low confidence
"",19th cen,low confidence
"",19th cen,low confidence
"",19th cen,low confidence
"",19th cen,low confidence
"",18th cen,low confidence
"",20th cen,low confidence
"",19th cen,low confidence
"",-,low confidence
"",-,low confidence
"",19th cen,low confidence
"",19th cen,low confidence
"",19th cen,low confidence
"",19th cen,low confidence
"",19th cen,low confidence
"",18th cen,low confidence
"",19th cen,low confidence
"",19th cen,low confidence
"",18th cen,low confidence
"",19th cen,low confidence
"",18th cen,low confidence
"",19th cen,low confidence
"",19th cen,low confidence
"",19th cen,low confidence
"",19th cen,low confidence
"",19th cen,low confidence
"",19th cen,low confidence
"",19th cen,low confidence
"",19th cen,low confidence
"",19th cen,low confidence
"",18th cen,low confidence
"",19th cen,low confidence
"",19th cen,low confidence
"",19th cen,low confidence
"",19th cen,low confidence
"",19th cen,low confidence
"",19th cen,low confidence
"",19th cen,low confidence
"",20th cen,low confidence
"",19th cen,low confidence
"",18th cen,low confidence
"",19th cen,low confidence
"",18th cen,low confidence
"",19th cen,low confidence
"",19th cen,low confidence
"",19th cen,low confidence
"",18th cen,low confidence
"",19th cen,low confidence
"",19th cen,low confidence
"",19th cen,low confidence
"",19th cen,low confidence
"",19th cen,low confidence
"",19th cen,low confidence
"",19th cen,low confidence
"",-,low confidence
"",19th cen,low confidence
"",19th cen,low confidence
"",18th cen,low confidence
19031914,"1903, 1914",low confidence
"",-,low confidence
"",0,low confidence
"",No information found,low confidence
"",n/a,low confidence
"",-,low confidence
"",-,low confidence
"",-,low confidence
"",-,low confidence
"",-,low confidence
"",-,low confidence
"",-,low confidence
"",-,low confidence
"",-,low confidence
"",� ,low confidence
19741975,"1974,1975",low confidence
1949-19511953,"1949-51, 1953",low confidence
"",recently imported,low confidence
1917-19191920-1923,1917-1919; 1920-1923,low confidence
"",Accidental introduction,low confidence
19341940,"1934,1940",low confidence
1934-19431946,1934-1943 & 1946,low confidence
19691980,1969 to 1980,low confidence
1972737980,"1972,73,79,80",low confidence
19701972,"1970,1972",low confidence
19311933,"1931,1933",low confidence
"",accidentally released ,low confidence
193119331936,"1931, 1933, 1936",low confidence
19281935,1928 & 1935,low confidence
-243,-1800-1800,low confidence
-676,-1800-1800,low confidence
"",-1800-1800,low confidence
-995,-1800-1800,low confidence
"",-1800-1800,low confidence
"",na,low confidence
"",na,low confidence
"",na,low confidence
"",na,low confidence
"",na,low confidence
"",na,low confidence
"",na,low confidence
"","native, exclude",low confidence
"",ND ,low confidence
"",ND ,low confidence
"",ND ,low confidence
19341944,1930s � 1940s,low confidence
19601970,1960 � 1970,low confidence
750500,750–500 B,low confidence
19001910,1900–1910,low confidence
"",Modern,low confidence
"",modern,low confidence
"",Before Spring,low confidence
"",Before liberation,low confidence
"",Ancient,low confidence
"",Ancient,low confidence
"","The Qing Dynasty came in, first used for flowers",low confidence
"",modern,low confidence
"",modern,low confidence
"",Ancient,low confidence
"",Ancient,low confidence
"",Introduced during colonial period,low confidence
"",modern,low confidence
"",modern,low confidence
"",modern,low confidence
"",modern,low confidence
"",Modern,low confidence
"",modern,low confidence
"",modern,low confidence
"",modern,low confidence
"",modern,low confidence
"",Ancient,low confidence
"",Ancient,low confidence
19331947,"1933 (Kaohsiung, Taiwan), 1947 (Hainan)",low confidence
"",modern,low confidence
"",modern,low confidence
"",Modern,low confidence
"",Ancient,low confidence
"",About the Qing Dynasty,low confidence
"",Ancient,low confidence
"",modern,low confidence
"",modern,low confidence
"",modern,low confidence
"",modern,low confidence
"",modern,low confidence
"",Ancient,low confidence
-126,126 BC,low confidence
"",Ancient,low confidence
"",Ancient,low confidence
"",Modern,low confidence
"",Modern,low confidence
"",Ancient,low confidence
"",modern,low confidence
"",modern,low confidence
"",Modern,low confidence
19081937,1908�/ 1930s,low confidence
"",modern,low confidence
"",modern,low confidence
"",modern,low confidence
"",modern,low confidence
"",modern,low confidence
19591976,1959 (Taiwan) 1976 (Guangdong),low confidence
19952003,1995 2003,low confidence
"",Ancient,low confidence
19681998,1960s and 1990s,low confidence
"",No data,low confidence
"",No data,low confidence
"",No data,low confidence
"",No data,low confidence
"",No data,low confidence
"",No data,low confidence
"",No data,low confidence
"",No data,low confidence
"",No data,low confidence
"",No data,low confidence
"",No data,low confidence
"",No data,low confidence
"",No data,low confidence
"",No data,low confidence
"",No data,low confidence
"",No data,low confidence
"",No data,low confidence
"",No data,low confidence
"",No data,low confidence
"",No data,low confidence
"",No data,low confidence
"",No data,low confidence
"",No data,low confidence
"",No data,low confidence
"",No data,low confidence
"",No data,low confidence
"",No data,low confidence
"",No data,low confidence
"",No data,low confidence
"",No data,low confidence
"",No data,low confidence
"",No data,low confidence
"",No data,low confidence
"",No data,low confidence
"",No data,low confidence
"",No data,low confidence
"",No data,low confidence
"",No data,low confidence
"",No data,low confidence
"",No data,low confidence
"",No data,low confidence
"",No data,low confidence
"",No data,low confidence
"",No data,low confidence
"",No data,low confidence
"",No data,low confidence
"",No data,low confidence
"",No data,low confidence
"",No data,low confidence
"",No data,low confidence
"",No data,low confidence
"",No data,low confidence
"",No data,low confidence
"",No data,low confidence
"",No data,low confidence
"",No data,low confidence
"",No data,low confidence
"",No data,low confidence
"",No data,low confidence
"",No data,low confidence
"",No data,low confidence
"",No data,low confidence
"",No data,low confidence
"",No data,low confidence
"",No data,low confidence
"",No data,low confidence
"",No data,low confidence
"",No data,low confidence
"",No data,low confidence
"",No data,low confidence
"",No data,low confidence
"",No data,low confidence
"",No data,low confidence
"",No data,low confidence
"",No data,low confidence
"",No data,low confidence
"",No data,low confidence
"",No data,low confidence
"",No data,low confidence
"",No data,low confidence
"",No data,low confidence
"",No data,low confidence
"",No data,low confidence
"",No data,low confidence
"",No data,low confidence
"",No data,low confidence
"",No data,low confidence
"",No data,low confidence
"",No data,low confidence
"",No data,low confidence
"",No data,low confidence
"",No data,low confidence
"",No data,low confidence
"",No data,low confidence
"",No data,low confidence
"",No data,low confidence
"",No data,low confidence
"",No data,low confidence
"",No data,low confidence
"",No data,low confidence
"",No data,low confidence
"",No data,low confidence
"",No data,low confidence
"",No data,low confidence
"",No data,low confidence
"",No data,low confidence
"",No data,low confidence
"",No data,low confidence
"",No data,low confidence
"",No data,low confidence
"",No data,low confidence
"",No data,low confidence
"",No data,low confidence
"",No data,low confidence
"",No data,low confidence
"",No data,low confidence
"",No data,low confidence
"",No data,low confidence
"",No data,low confidence
"",No data,low confidence
"",No data,low confidence
"",No data,low confidence
"",No data,low confidence
"",No data,low confidence
"",No data,low confidence
"",No data,low confidence
"",No data,low confidence
"",No data,low confidence
"",No data,low confidence
"",No data,low confidence
"",No data,low confidence
"",No data,low confidence
"",No data,low confidence
"",No data,low confidence
"",No data,low confidence
"",No data,low confidence
"",No data,low confidence
"",No data,low confidence
"",No data,low confidence
"",No data,low confidence
"",No data,low confidence
"",No data,low confidence
"",No data,low confidence
"",No data,low confidence
"",No data,low confidence
"",No data,low confidence
"",No data,low confidence
"",No data,low confidence
"",No data,low confidence
"",No data,low confidence
"",No data,low confidence
"",No data,low confidence
"",No data,low confidence
"",No data,low confidence
"",No data,low confidence
"",No data,low confidence
"",No data,low confidence
"",No data,low confidence
"",No data,low confidence
"",No data,low confidence
"",No data,low confidence
"",No data,low confidence
"",No data,low confidence
"",No data,low confidence
"",No data,low confidence
"",No data,low confidence
"",No data,low confidence
"",No data,low confidence
"",No data,low confidence
"",No data,low confidence
"",No data,low confidence
"",No data,low confidence
"",No data,low confidence
"",No data,low confidence
"",No data,low confidence
"",No data,low confidence
"",No data,low confidence
"",No data,low confidence
"",No data,low confidence
"",No data,low confidence
"",No data,low confidence
"",No data,low confidence
"",No data,low confidence
"",No data,low confidence
"",No data,low confidence
"",No data,low confidence
"",No data,low confidence
"",No data,low confidence
"",No data,low confidence
"",No data,low confidence
"",No data,low confidence
"",No data,low confidence
"",No data,low confidence
"",No data,low confidence
"",No data,low confidence
"",No data,low confidence
"",No data,low confidence
"",No data,low confidence
"",No data,low confidence
"",No data,low confidence
"",No data,low confidence
"",No data,low confidence
"",No data,low confidence
"",No data,low confidence
"",No data,low confidence
"",No data,low confidence
"",No data,low confidence
"",No data,low confidence
"",No data,low confidence
"",No data,low confidence
"",No data,low confidence
"",No data,low confidence
"",No data,low confidence
"",No data,low confidence
"",No data,low confidence
"",No data,low confidence
"",No data,low confidence
"",No data,low confidence
"",No data,low confidence
"",No data,low confidence
"",No data,low confidence
"",No data,low confidence
"",No data,low confidence
"",No data,low confidence
"",No data,low confidence
"",No data,low confidence
"",No data,low confidence
"",No data,low confidence
"",No data,low confidence
"",No data,low confidence
"",No data,low confidence
"",No data,low confidence
"",No data,low confidence
"",No data,low confidence
"",No data,low confidence
"",No data,low confidence
"",No data,low confidence
"",No data,low confidence
"",No data,low confidence
"",No data,low confidence
"",No data,low confidence
"",No data,low confidence
"",No data,low confidence
"",No data,low confidence
"",No data,low confidence
"",No data,low confidence
"",No data,low confidence
"",No data,low confidence
"",No data,low confidence
"",No data,low confidence
"",No data,low confidence
"",No data,low confidence
"",No data,low confidence
"",No data,low confidence
"",No data,low confidence
"",No data,low confidence
"",No data,low confidence
"",No data,low confidence
"",No data,low confidence
"",No data,low confidence
"",No data,low confidence
"",No data,low confidence
"",No data,low confidence
"",No data,low confidence
"",No data,low confidence
"",No data,low confidence
"",No data,low confidence
"",No data,low confidence
"",No data,low confidence
"",No data,low confidence
"",No data,low confidence
"",No data,low confidence
"",No data,low confidence
"",No data,low confidence
"",No data,low confidence
"",No data,low confidence
"",No data,low confidence
"",No data,low confidence
"",No data,low confidence
"",No data,low confidence
"",No data,low confidence
"",No data,low confidence
"",No data,low confidence
"",No data,low confidence
"",No data,low confidence
"",No data,low confidence
"",No data,low confidence
"",No data,low confidence
"",No data,low confidence
"",No data,low confidence
"",No data,low confidence
"",No data,low confidence
"",No data,low confidence
"",No data,low confidence
"",No data,low confidence
"",No data,low confidence
"",No data,low confidence
"",No data,low confidence
"",No data,low confidence
"",No data,low confidence
"",No data,low confidence
"",No data,low confidence
"",No data,low confidence
"",No data,low confidence
"",No data,low confidence
"",No data,low confidence
"",No data,low confidence
"",No data,low confidence
"",No data,low confidence
"",No data,low confidence
"",No data,low confidence
"",No data,low confidence
"",No data,low confidence
"",No data,low confidence
"",No data,low confidence
"",No data,low confidence
"",No data,low confidence
"",No data,low confidence
"",No data,low confidence
18471998,1847;1998,low confidence
"",No data,low confidence
"",No data,low confidence
"",No data,low confidence
"",16th-17th centuries,low confidence
"",16th - 17th centuries,low confidence
20052013,2005 � 2013,low confidence
19961997,1996 � 1997,low confidence
"",No data,low confidence
19821983,1982 � 1983,low confidence
19971998,1997 � 1998,low confidence
20122013,2012 � 2013,low confidence
"",No data,low confidence
"",17th - 18th  centuries,low confidence
19971998,1997 � 1998,low confidence
19982003,1998 � 2003,low confidence
19291931,1929 � 1931,low confidence
19641969,1964 � 1969,low confidence
19831989,1983 � 1989,low confidence
"",No data,low confidence
19351963,1935 � 1963,low confidence
"",No data,low confidence
"",No data,low confidence
195719701973,1957 � 1970 � 1973,low confidence
"",No data,low confidence
19992003,1999 � 2003,low confidence
19501953,1950 � 1953,low confidence
19801985,1980 � 1985,low confidence
19311944,1931 � 1944,low confidence
"",No data,low confidence
198219942005,1982 � 1994 � 2005,low confidence
"",No data,low confidence
"",No data,low confidence
"",No data,low confidence
"",No data,low confidence
"",No data,low confidence
"",No data,low confidence
"",No data,low confidence
"",No data,low confidence
"",No data,low confidence
"",No data,low confidence
"",No data,low confidence
"",No data,low confidence
"",No data,low confidence
"",No data,low confidence
"",No data,low confidence
"",No data,low confidence
"",No data,low confidence
"",No data,low confidence
"",No data,low confidence
"",No data,low confidence
"",No data,low confidence
"",No data,low confidence
"",No data,low confidence
"",No data,low confidence
"",No data,low confidence
"",No data,low confidence
"",No data,low confidence
"",No data,low confidence
"",No data,low confidence
"",No data,low confidence
"",No data,low confidence
"",No data,low confidence
"",No data,low confidence
"",No data,low confidence
"",nd,low confidence
"",nd,low confidence
"",nd,low confidence
"",nd,low confidence
"",nd,low confidence
17634,17634,low confidence
"",nd,low confidence
"",nd,low confidence
"",nd,low confidence
"",nd,low confidence
"",nd,low confidence
"",nd,low confidence
"",nd,low confidence
"",nd,low confidence
"",nd,low confidence
"",nd,low confidence
"",nd,low confidence
"",nd,low confidence
"",nd,low confidence
"",nd,low confidence
"",nd,low confidence
"",nd,low confidence
"",nd,low confidence
"",nd,low confidence
"",nd,low confidence
"",nd,low confidence
"",nd,low confidence
"",nd,low confidence
"",nd,low confidence
"",nd,low confidence
"",nd,low confidence
"",nd,low confidence
"",nd,low confidence
"",nd,low confidence
"",nd,low confidence
"",nd,low confidence
"",nd,low confidence
"",nd,low confidence
"",nd,low confidence
"",nd,low confidence
"",nd,low confidence
"",nd,low confidence
"",nd,low confidence
"",nd,low confidence
"",nd,low confidence
"",nd,low confidence
"",nd,low confidence
"",nd,low confidence
"",nd,low confidence
"",nd,low confidence
"",nd,low confidence
"",nd,low confidence
"",nd,low confidence
"",nd,low confidence
"",nd,low confidence
"",nd,low confidence
"",nd,low confidence
"",nd,low confidence
"",nd,low confidence
"",nd,low confidence
"",nd,low confidence
"",nd,low confidence
"",nd,low confidence
"",nd,low confidence
"",nd,low confidence
"",nd,low confidence
"",nd,low confidence
"",nd,low confidence
"",nd,low confidence
"",nd,low confidence
"",nd,low confidence
"",nd,low confidence
"",nd,low confidence
"",nd,low confidence
"",nd,low confidence
"",nd,low confidence
"",nd,low confidence
"",nd,low confidence
"",nd,low confidence
"",nd,low confidence
"",nd,low confidence
"",nd,low confidence
"",nd,low confidence
"",nd,low confidence
"",nd,low confidence
"",nd,low confidence
"",nd,low confidence
"",nd,low confidence
"",nd,low confidence
"",nd,low confidence
"",nd,low confidence
"",nd,low confidence
"",�nd,low confidence
19204,19204,low confidence
"",nd,low confidence
"",nd,low confidence
"",nd,low confidence
"",nd,low confidence
"",nd,low confidence
"",nd,low confidence
"",nd,low confidence
"",nd,low confidence
"",nd,low confidence
"",nd,low confidence
"",nd,low confidence
"",nd,low confidence
"",nd,low confidence
"",nd,low confidence
"",nd,low confidence
"",nd,low confidence
"",nd,low confidence
"",nd,low confidence
"",nd,low confidence
"",nd,low confidence
"",nd,low confidence
"",nd,low confidence
"",nd,low confidence
"",nd,low confidence
"",nd,low confidence
"",nd,low confidence
"",nd,low confidence
"",nd,low confidence
"",nd,low confidence
"",nd,low confidence
"",nd,low confidence
"",nd,low confidence
"",nd,low confidence
"",nd,low confidence
"",nd,low confidence
"",nd,low confidence
"",nd,low confidence
"",nd,low confidence
"",nd,low confidence
"",nd,low confidence
"",nd,low confidence
"",nd,low confidence
"",nd,low confidence
"",nd,low confidence
"",nd,low confidence
"",nd,low confidence
"",nd,low confidence
"",nd,low confidence
"",nd,low confidence
"",nd,low confidence
"",nd,low confidence
"",nd,low confidence
"",nd,low confidence
"",nd,low confidence
"",nd,low confidence
"",nd,low confidence
"",nd,low confidence
"",nd,low confidence
"",nd,low confidence
"",nd,low confidence
"",nd,low confidence
"",nd,low confidence
"",nd,low confidence
"",nd,low confidence
"",nd,low confidence
"",nd,low confidence
"",nd,low confidence
"",nd,low confidence
"",around,low confidence
191311930,"1913 (only one exemplar was found), 1930",low confidence
1945-1958-195-19531956,1945-Republic of Tyva;  1958- Republic of Khakassia; 195-1953 Republic of Buryatia; 1956- Irkutsk,low confidence
20052006,"2005, 2006",low confidence
20022005,"2002, 2005",low confidence
19911999,"(1991, 1999)",low confidence
19001910,1900�1910,low confidence
20012007,2001 � 2007,low confidence
20062007,2006�2007,low confidence
20032004,< 2003 � 2004,low confidence
20052007,2005 � 2007,low confidence
20012007,2001 � 2007,low confidence
20062007,2006 � 2007,low confidence
19672004,"1967, 2004",low confidence
20042007,< 2004 � 2007,low confidence
20032006,2003 � 2006,low confidence
20042007,2004 � 2007,low confidence
20062007,< 2006 � 2007,low confidence
20042007,2004 � 2007,low confidence
20052007,2005 � 2007,low confidence
20022003,2002/2003,low confidence
20062007,2006 � 2007,low confidence
20032007,< 2003 � 2007,low confidence
20032007,2003 � 2007,low confidence
20002007,2000 � 2007,low confidence
20042006,"2004, 2006",low confidence
20032007,2003 � 2007,low confidence
20002001,2000 � 2001,low confidence
20042007,2004 � 2007,low confidence
20012007,2001 � 2007,low confidence
20032007,2003 � 2007,low confidence
20052007,2005 � 2007,low confidence
19761985,1976�1985,low confidence
19621987,1962�1987,low confidence
"",N/A,low confidence
"",N/A,low confidence
"",N/A,low confidence
"",N/A,low confidence
"",N/A,low confidence
"",Polynesian (Imada et al (2005)),low confidence
19701998,1970 (American Ornithologists' Union (1998b)),low confidence
"",Polynesian (Imada et al (2005)),low confidence
"",Polynesian (Imada et al (2005)),low confidence
"",Polynesian (Imada et al (2005)),low confidence
"",Polynesian (Imada et al (2005)),low confidence
"",Polynesian (Imada et al (2005)),low confidence
"",Polynesian (Imada et al (2005)),low confidence
"",Polynesian (Imada et al (2005)),low confidence
"",Polynesian period (HI),low confidence
19881991,1988/1991,low confidence
"",Polynesian (Imada et al (2005)),low confidence
"",Polynesian (Imada et al (2005)),low confidence
19541957,1954 (Zimmerman 1957),low confidence
"",Polynesian period (HI),low confidence
"",Polynesian (Imada et al (2005)),low confidence
"",Polynesian period (HI),low confidence
"",Polynesian (Imada et al (2005)),low confidence
"",Polynesian (Imada et al (2005)),low confidence
"",Polynesian (Imada et al (2005)),low confidence
18651998,~1865 (American Ornithologists' Union (1998a)),low confidence
"",Polynesian (Imada et al (2005)),low confidence
"",Polynesian (Imada et al (2005)),low confidence
"",Polynesian (Imada et al (2005)),low confidence
"",Polynesian (Imada et al (2005)),low confidence
"",Polynesian (Imada et al (2005)),low confidence
"",Polynesian (Imada et al (2005)),low confidence
"",Polynesian (Imada et al (2005)),low confidence
18971986,1897; aggressive strain B 1986,low confidence
"",Norse exploration,low confidence
242013,"before July 24, 2013",low confidence
"",after the turn of the century,low confidence
19772005,"Oregon 1970s, Northeastern US 2005",low confidence
18702019,1870 (Audubon (2019a)),low confidence
17982019,1790s (Audubon (2019b)),low confidence
19602019,1960 (Audubon (2019e)),low confidence
202006,20 years before 2006,low confidence
19172019,1917 (Audubon (2019c)),low confidence
19632019,1963 (Audubon (2019d)),low confidence
161981,16�17 July 1981,low confidence
-500,-500,low confidence
"",sd,low confidence
19981999,1998/1999,low confidence
20072008,2007/2008,low confidence
20072008,2007/2008,low confidence
20072008,2007/2008,low confidence
20072008,2007/2008,low confidence
20072008,2007/2008,low confidence
20072008,2007/2008,low confidence
20072008,2007/2008,low confidence
20072008,2007/2008,low confidence
20072008,2007/2008,low confidence
20072008,2007/2008,low confidence
"",unkn,low confidence
"",unkn,low confidence
"",unkn,low confidence
"",After World War 2,low confidence
"",After World War 2,low confidence
"",After World War 2,low confidence
"",After World War 2,low confidence
211945-1955,Showa 20s (1945-1955) or later,low confidence
"",After World War 2,low confidence
"",After World War 2,low confidence
"",Before World War 2,low confidence
"",Before World War 2,low confidence
"",After World War 2,low confidence
"",After World War 2,low confidence
"",After World War 2,low confidence
"",After World War 2,low confidence
"",After World War 2,low confidence
"",After World War 2,low confidence
"",After World War 2,low confidence
"",After World War 2,low confidence
"",After World War 2,low confidence
"",Before World War 2,low confidence
"",After World War 2,low confidence
"",After World War 2,low confidence
"",After World War 2,low confidence
"",After World War 2,low confidence
"",After World War 2,low confidence
"",After World War 2,low confidence
"",After World War 2,low confidence
"",After World War 2,low confidence
"",After World War 2,low confidence
"",After World War 2,low confidence
"",After World War 2,low confidence
"",After World War 2,low confidence
"",After World War 2,low confidence
