unmatched_term,context,occurrenceStatus,degreeOfEstablishment,pathway,habitat
Extinct casual,establishmentMeans,,,,
Cs,establishmentMeans,,,,
In captivity/culture,establishmentMeans,,,,
Not known,establishmentMeans,,,,
Not established,establishmentMeans,,,,
cas,establishmentMeans,,,,
not established,establishmentMeans,,,,
invasive,establishmentMeans,,,,
Cas,establishmentMeans,,,,
Partly naturalised,establishmentMeans,,,,
Not Established,establishmentMeans,,,,
Invasive,establishmentMeans,,,,
nat,establishmentMeans,,,,
introduced/alien (present),establishmentMeans,,,,
alien/exotic (naturalised),establishmentMeans,,,,
natruralised,establishmentMeans,,,,
Nt,establishmentMeans,,,,
introduced/alien,establishmentMeans,,,,
"introduced (present, no further details)",establishmentMeans,,,,
In,establishmentMeans,,,,
present,establishmentMeans,,,,
absent,establishmentMeans,,,,
"Naturalised, invasive",establishmentMeans,,,,
Established invasive,establishmentMeans,,,,
inv,establishmentMeans,,,,
"established, invasive",establishmentMeans,,,,
Inv,establishmentMeans,,,,
Within country transfer,establishmentMeans,,,,
alien (established),establishmentMeans,,,,
Ext,establishmentMeans,,,,
cas o,establishmentMeans,,,,
Nat,establishmentMeans,,,,
Ext/Cas,establishmentMeans,,,,
Extinct,establishmentMeans,,,,
New casual,establishmentMeans,,,,
locally naturalised,establishmentMeans,,,,
extinct,establishmentMeans,,,,
Not applicable NA,establishmentMeans,,,,
nat o,establishmentMeans,,,,
"Naturalised, cryptogenic, invasive",establishmentMeans,,,,
Old casual,establishmentMeans,,,,
"established,  weed of agricultural impact",establishmentMeans,,,,
Erroneously reported,establishmentMeans,,,,
Suspected,establishmentMeans,,,,
"Naturalised, cryptogenic",establishmentMeans,,,,
alien (reported to present),establishmentMeans,,,,
Provenance uncertain,establishmentMeans,,,,
Absent,establishmentMeans,,,,
nat inv,establishmentMeans,,,,
"established, potentially invasive",establishmentMeans,,,,
alien/exotic (present),establishmentMeans,,,,
Remnant of cultivation,establishmentMeans,,,,
introduced/alien (established and expanding),establishmentMeans,,,,
alien (present to established),establishmentMeans,,,,
introduced (localised),establishmentMeans,,,,
eradicated,establishmentMeans,,,,
Data Deficient,establishmentMeans,,,,
introduced/alien (reported),establishmentMeans,,,,
introduced (present),establishmentMeans,,,,
introduced/alien (reported to present),establishmentMeans,,,,
introduced/alien (reported to widespread),establishmentMeans,,,,
alien/exotic (in captivity),establishmentMeans,,,,
introduced/alien (establishment uncertain),establishmentMeans,,,,
alien (reported as captive/cultivated),establishmentMeans,,,,
provenance uncertain,establishmentMeans,,,,
introduced/alien (restricted distribution),establishmentMeans,,,,
alien (present to reported),establishmentMeans,,,,
alien (established to widespread),establishmentMeans,,,,
introduced/alien (present to established),establishmentMeans,,,,
introduced (present to established),establishmentMeans,,,,
introduced/alien (widespread),establishmentMeans,,,,
introduced/alien (reported to restricted distribution),establishmentMeans,,,,
nat#,establishmentMeans,,,,
alien/exotic (cultivated),establishmentMeans,,,,
"Cas Wool,� Geraniaceae",establishmentMeans,,,,
Cas Wool Geraniaceae,establishmentMeans,,,,
"Cas Wool, grain,� Geraniaceae",establishmentMeans,,,,
"Ext/Cas Wool,� Geraniaceae",establishmentMeans,,,,
Cas Grain Geraniaceae,establishmentMeans,,,,
"Cas Grain, wool,� Brassicaceae",establishmentMeans,,,,
Cas Wool Brassicaceae,establishmentMeans,,,,
Cas  Brassicaceae,establishmentMeans,,,,
Cas Hort Apiaceae,establishmentMeans,,,,
Nat Hort Brassicaceae,establishmentMeans,,,,
Cas Grain Brassicaceae,establishmentMeans,,,,
"Cas Wool, grain,� Brassicaceae",establishmentMeans,,,,
Cas Hort Brassicaceae,establishmentMeans,,,,
Cas Hort Liliaceae,establishmentMeans,,,,
Cas Hort Papaveraceae,establishmentMeans,,,,
"Cas Grain,� Brassicaceae",establishmentMeans,,,,
Cas Hort Celastraceae,establishmentMeans,,,,
Nat Hort Celastraceae,establishmentMeans,,,,
Nat Hort Asteraceae,establishmentMeans,,,,
Cas Hort Asteraceae,establishmentMeans,,,,
introduced/alien (present/controlled),establishmentMeans,,,,
alien (reported),establishmentMeans,,,,
introduced/alien (established),establishmentMeans,,,,
"alien (reported) (introduced, not established)",establishmentMeans,,,,
introduced (reported to present),establishmentMeans,,,,
Invasiv,establishmentMeans,,,,
"alien (introduced, not established)",establishmentMeans,,,,
introduced (reported as captive/cultivated to present),establishmentMeans,,,,
"introduced/alien (present, no further details)",establishmentMeans,,,,
introduced (restricted distribution),establishmentMeans,,,,
introduced (widespread),establishmentMeans,,,,
"Cas Wool,�",establishmentMeans,,,,
Nat Hort,establishmentMeans,,,,
Cas Hort,establishmentMeans,,,,
"Nat Grain,�",establishmentMeans,,,,
Ext/Cas Hort,establishmentMeans,,,,
Cas Wool,establishmentMeans,,,,
"Cas Agric, grain",establishmentMeans,,,,
"Cas Wool, seeds,� Fabaceae",establishmentMeans,,,,
Cas Grain,establishmentMeans,,,,
"Cas Grain, wool,� Fabaceae",establishmentMeans,,,,
"Cas Grain, seeds,� Fabaceae",establishmentMeans,,,,
"Cas Wool, grain",establishmentMeans,,,,
"Cas Grain,�",establishmentMeans,,,,
Nat Agric,establishmentMeans,,,,
Cas Agric,establishmentMeans,,,,
Cas Seeds,establishmentMeans,,,,
"Cas Grain, birdseed Fabaceae",establishmentMeans,,,,
,occurrenceStatus,naturalized,,,
,occurrenceStatus,Alien,,,
,occurrenceStatus,established,,,
,occurrenceStatus,Extinct casual,,,
,occurrenceStatus,Cs,,,
,occurrenceStatus,Casual,,,
,occurrenceStatus,In captivity/culture,,,
,occurrenceStatus,Established,,,
,occurrenceStatus,Cryptogenic,,,
,occurrenceStatus,alien,,,
,occurrenceStatus,Not known,,,
,occurrenceStatus,Not established,,,
,occurrenceStatus,cas,,,
,occurrenceStatus,not established,,,
,occurrenceStatus,uncertain,,,
,occurrenceStatus,Introduced,,,
,occurrenceStatus,casual,,,
,occurrenceStatus,invasive,,,
,occurrenceStatus,Cas,,,
,occurrenceStatus,Partly naturalised,,,
,occurrenceStatus,Not Established,,,
,occurrenceStatus,Invasive,,,
,occurrenceStatus,Naturalised,,,
,occurrenceStatus,nat,,,
,occurrenceStatus,Naturalized,,,
,occurrenceStatus,introduced/alien (present),,,
,occurrenceStatus,alien/exotic (naturalised),,,
,occurrenceStatus,natruralised,,,
,occurrenceStatus,Nt,,,
,occurrenceStatus,introduced/alien,,,
,occurrenceStatus,"introduced (present, no further details)",,,
,occurrenceStatus,In,,,
,occurrenceStatus,absent,,,
,occurrenceStatus,"Naturalised, invasive",,,
,occurrenceStatus,Established invasive,,,
,occurrenceStatus,inv,,,
,occurrenceStatus,"established, invasive",,,
,occurrenceStatus,Inv,,,
,occurrenceStatus,Within country transfer,,,
,occurrenceStatus,alien (established),,,
,occurrenceStatus,Ext,,,
,occurrenceStatus,introduced,,,
,occurrenceStatus,cas o,,,
,occurrenceStatus,Nat,,,
,occurrenceStatus,Ext/Cas,,,
,occurrenceStatus,Uncertain,,,
,occurrenceStatus,New casual,,,
,occurrenceStatus,locally naturalised,,,
,occurrenceStatus,Not applicable NA,,,
,occurrenceStatus,nat o,,,
,occurrenceStatus,"Naturalised, cryptogenic, invasive",,,
,occurrenceStatus,Old casual,,,
,occurrenceStatus,"established,  weed of agricultural impact",,,
,occurrenceStatus,Erroneously reported,,,
,occurrenceStatus,Suspected,,,
,occurrenceStatus,"Naturalised, cryptogenic",,,
,occurrenceStatus,alien (reported to present),,,
,occurrenceStatus,Provenance uncertain,,,
,occurrenceStatus,Absent,,,
,occurrenceStatus,nat inv,,,
,occurrenceStatus,"established, potentially invasive",,,
,occurrenceStatus,alien/exotic (present),,,
,occurrenceStatus,Remnant of cultivation,,,
,occurrenceStatus,introduced/alien (established and expanding),,,
,occurrenceStatus,alien (present to established),,,
,occurrenceStatus,introduced (localised),,,
,occurrenceStatus,eradicated,,,
,occurrenceStatus,Data Deficient,,,
,occurrenceStatus,introduced/alien (reported),,,
,occurrenceStatus,introduced (present),,,
,occurrenceStatus,introduced/alien (reported to present),,,
,occurrenceStatus,introduced/alien (reported to widespread),,,
,occurrenceStatus,alien/exotic (in captivity),,,
,occurrenceStatus,introduced/alien (establishment uncertain),,,
,occurrenceStatus,alien (reported as captive/cultivated),,,
,occurrenceStatus,provenance uncertain,,,
,occurrenceStatus,introduced/alien (restricted distribution),,,
,occurrenceStatus,Native,,,
,occurrenceStatus,alien (present to reported),,,
,occurrenceStatus,alien (established to widespread),,,
,occurrenceStatus,introduced/alien (present to established),,,
,occurrenceStatus,introduced (present to established),,,
,occurrenceStatus,introduced/alien (widespread),,,
,occurrenceStatus,introduced/alien (reported to restricted distribution),,,
,occurrenceStatus,Exotic,,,
,occurrenceStatus,nat#,,,
,occurrenceStatus,alien/exotic (cultivated),,,
,occurrenceStatus,"Cas Wool,� Geraniaceae",,,
,occurrenceStatus,Cas Wool Geraniaceae,,,
,occurrenceStatus,"Cas Wool, grain,� Geraniaceae",,,
,occurrenceStatus,"Ext/Cas Wool,� Geraniaceae",,,
,occurrenceStatus,Cas Grain Geraniaceae,,,
,occurrenceStatus,"Cas Grain, wool,� Brassicaceae",,,
,occurrenceStatus,Cas Wool Brassicaceae,,,
,occurrenceStatus,Cas  Brassicaceae,,,
,occurrenceStatus,Cas Hort Apiaceae,,,
,occurrenceStatus,Nat Hort Brassicaceae,,,
,occurrenceStatus,Cas Grain Brassicaceae,,,
,occurrenceStatus,"Cas Wool, grain,� Brassicaceae",,,
,occurrenceStatus,Cas Hort Brassicaceae,,,
,occurrenceStatus,Cas Hort Liliaceae,,,
,occurrenceStatus,Cas Hort Papaveraceae,,,
,occurrenceStatus,"Cas Grain,� Brassicaceae",,,
,occurrenceStatus,Cas Hort Celastraceae,,,
,occurrenceStatus,Nat Hort Celastraceae,,,
,occurrenceStatus,Nat Hort Asteraceae,,,
,occurrenceStatus,Cas Hort Asteraceae,,,
,occurrenceStatus,introduced/alien (present/controlled),,,
,occurrenceStatus,alien (reported),,,
,occurrenceStatus,exotic,,,
,occurrenceStatus,introduced/alien (established),,,
,occurrenceStatus,"alien (reported) (introduced, not established)",,,
,occurrenceStatus,introduced (reported to present),,,
,occurrenceStatus,Invasiv,,,
,occurrenceStatus,"alien (introduced, not established)",,,
,occurrenceStatus,introduced (reported as captive/cultivated to present),,,
,occurrenceStatus,"introduced/alien (present, no further details)",,,
,occurrenceStatus,introduced (restricted distribution),,,
,occurrenceStatus,introduced (widespread),,,
,occurrenceStatus,"Cas Wool,�",,,
,occurrenceStatus,Nat Hort,,,
,occurrenceStatus,Cas Hort,,,
,occurrenceStatus,"Nat Grain,�",,,
,occurrenceStatus,Ext/Cas Hort,,,
,occurrenceStatus,Cas Wool,,,
,occurrenceStatus,"Cas Agric, grain",,,
,occurrenceStatus,"Cas Wool, seeds,� Fabaceae",,,
,occurrenceStatus,Cas Grain,,,
,occurrenceStatus,"Cas Grain, wool,� Fabaceae",,,
,occurrenceStatus,"Cas Grain, seeds,� Fabaceae",,,
,occurrenceStatus,"Cas Wool, grain",,,
,occurrenceStatus,"Cas Grain,�",,,
,occurrenceStatus,Nat Agric,,,
,occurrenceStatus,Cas Agric,,,
,occurrenceStatus,Cas Seeds,,,
,occurrenceStatus,"Cas Grain, birdseed Fabaceae",,,
,degreeOfEstablishment,,Alien,,
,degreeOfEstablishment,,established,,
,degreeOfEstablishment,,Extinct casual,,
,degreeOfEstablishment,,Cs,,
,degreeOfEstablishment,,Casual,,
,degreeOfEstablishment,,In captivity/culture,,
,degreeOfEstablishment,,Established,,
,degreeOfEstablishment,,Cryptogenic,,
,degreeOfEstablishment,,alien,,
,degreeOfEstablishment,,Not known,,
,degreeOfEstablishment,,Not established,,
,degreeOfEstablishment,,cas,,
,degreeOfEstablishment,,not established,,
,degreeOfEstablishment,,uncertain,,
,degreeOfEstablishment,,Introduced,,
,degreeOfEstablishment,,casual,,
,degreeOfEstablishment,,invasive,,
,degreeOfEstablishment,,Cas,,
,degreeOfEstablishment,,Partly naturalised,,
,degreeOfEstablishment,,Not Established,,
,degreeOfEstablishment,,Invasive,,
,degreeOfEstablishment,,Naturalised,,
,degreeOfEstablishment,,nat,,
,degreeOfEstablishment,,introduced/alien (present),,
,degreeOfEstablishment,,alien/exotic (naturalised),,
,degreeOfEstablishment,,natruralised,,
,degreeOfEstablishment,,Nt,,
,degreeOfEstablishment,,introduced/alien,,
,degreeOfEstablishment,,"introduced (present, no further details)",,
,degreeOfEstablishment,,In,,
,degreeOfEstablishment,,present,,
,degreeOfEstablishment,,absent,,
,degreeOfEstablishment,,"Naturalised, invasive",,
,degreeOfEstablishment,,Established invasive,,
,degreeOfEstablishment,,inv,,
,degreeOfEstablishment,,"established, invasive",,
,degreeOfEstablishment,,Inv,,
,degreeOfEstablishment,,Within country transfer,,
,degreeOfEstablishment,,alien (established),,
,degreeOfEstablishment,,Ext,,
,degreeOfEstablishment,,introduced,,
,degreeOfEstablishment,,cas o,,
,degreeOfEstablishment,,Nat,,
,degreeOfEstablishment,,Ext/Cas,,
,degreeOfEstablishment,,Extinct,,
,degreeOfEstablishment,,Uncertain,,
,degreeOfEstablishment,,New casual,,
,degreeOfEstablishment,,locally naturalised,,
,degreeOfEstablishment,,extinct,,
,degreeOfEstablishment,,Not applicable NA,,
,degreeOfEstablishment,,nat o,,
,degreeOfEstablishment,,"Naturalised, cryptogenic, invasive",,
,degreeOfEstablishment,,Old casual,,
,degreeOfEstablishment,,"established,  weed of agricultural impact",,
,degreeOfEstablishment,,Erroneously reported,,
,degreeOfEstablishment,,Suspected,,
,degreeOfEstablishment,,"Naturalised, cryptogenic",,
,degreeOfEstablishment,,alien (reported to present),,
,degreeOfEstablishment,,Provenance uncertain,,
,degreeOfEstablishment,,Absent,,
,degreeOfEstablishment,,nat inv,,
,degreeOfEstablishment,,"established, potentially invasive",,
,degreeOfEstablishment,,alien/exotic (present),,
,degreeOfEstablishment,,Remnant of cultivation,,
,degreeOfEstablishment,,introduced/alien (established and expanding),,
,degreeOfEstablishment,,alien (present to established),,
,degreeOfEstablishment,,introduced (localised),,
,degreeOfEstablishment,,eradicated,,
,degreeOfEstablishment,,Data Deficient,,
,degreeOfEstablishment,,introduced/alien (reported),,
,degreeOfEstablishment,,introduced (present),,
,degreeOfEstablishment,,introduced/alien (reported to present),,
,degreeOfEstablishment,,introduced/alien (reported to widespread),,
,degreeOfEstablishment,,alien/exotic (in captivity),,
,degreeOfEstablishment,,introduced/alien (establishment uncertain),,
,degreeOfEstablishment,,alien (reported as captive/cultivated),,
,degreeOfEstablishment,,provenance uncertain,,
,degreeOfEstablishment,,introduced/alien (restricted distribution),,
,degreeOfEstablishment,,Native,,
,degreeOfEstablishment,,alien (present to reported),,
,degreeOfEstablishment,,alien (established to widespread),,
,degreeOfEstablishment,,introduced/alien (present to established),,
,degreeOfEstablishment,,introduced (present to established),,
,degreeOfEstablishment,,introduced/alien (widespread),,
,degreeOfEstablishment,,introduced/alien (reported to restricted distribution),,
,degreeOfEstablishment,,Exotic,,
,degreeOfEstablishment,,nat#,,
,degreeOfEstablishment,,alien/exotic (cultivated),,
,degreeOfEstablishment,,"Cas Wool,� Geraniaceae",,
,degreeOfEstablishment,,Cas Wool Geraniaceae,,
,degreeOfEstablishment,,"Cas Wool, grain,� Geraniaceae",,
,degreeOfEstablishment,,"Ext/Cas Wool,� Geraniaceae",,
,degreeOfEstablishment,,Cas Grain Geraniaceae,,
,degreeOfEstablishment,,"Cas Grain, wool,� Brassicaceae",,
,degreeOfEstablishment,,Cas Wool Brassicaceae,,
,degreeOfEstablishment,,Cas  Brassicaceae,,
,degreeOfEstablishment,,Cas Hort Apiaceae,,
,degreeOfEstablishment,,Nat Hort Brassicaceae,,
,degreeOfEstablishment,,Cas Grain Brassicaceae,,
,degreeOfEstablishment,,"Cas Wool, grain,� Brassicaceae",,
,degreeOfEstablishment,,Cas Hort Brassicaceae,,
,degreeOfEstablishment,,Cas Hort Liliaceae,,
,degreeOfEstablishment,,Cas Hort Papaveraceae,,
,degreeOfEstablishment,,"Cas Grain,� Brassicaceae",,
,degreeOfEstablishment,,Cas Hort Celastraceae,,
,degreeOfEstablishment,,Nat Hort Celastraceae,,
,degreeOfEstablishment,,Nat Hort Asteraceae,,
,degreeOfEstablishment,,Cas Hort Asteraceae,,
,degreeOfEstablishment,,introduced/alien (present/controlled),,
,degreeOfEstablishment,,alien (reported),,
,degreeOfEstablishment,,exotic,,
,degreeOfEstablishment,,introduced/alien (established),,
,degreeOfEstablishment,,"alien (reported) (introduced, not established)",,
,degreeOfEstablishment,,introduced (reported to present),,
,degreeOfEstablishment,,Invasiv,,
,degreeOfEstablishment,,"alien (introduced, not established)",,
,degreeOfEstablishment,,introduced (reported as captive/cultivated to present),,
,degreeOfEstablishment,,"introduced/alien (present, no further details)",,
,degreeOfEstablishment,,introduced (restricted distribution),,
,degreeOfEstablishment,,introduced (widespread),,
,degreeOfEstablishment,,"Cas Wool,�",,
,degreeOfEstablishment,,Nat Hort,,
,degreeOfEstablishment,,Cas Hort,,
,degreeOfEstablishment,,"Nat Grain,�",,
,degreeOfEstablishment,,Ext/Cas Hort,,
,degreeOfEstablishment,,Cas Wool,,
,degreeOfEstablishment,,"Cas Agric, grain",,
,degreeOfEstablishment,,"Cas Wool, seeds,� Fabaceae",,
,degreeOfEstablishment,,Cas Grain,,
,degreeOfEstablishment,,"Cas Grain, wool,� Fabaceae",,
,degreeOfEstablishment,,"Cas Grain, seeds,� Fabaceae",,
,degreeOfEstablishment,,"Cas Wool, grain",,
,degreeOfEstablishment,,"Cas Grain,�",,
,degreeOfEstablishment,,Nat Agric,,
,degreeOfEstablishment,,Cas Agric,,
,degreeOfEstablishment,,Cas Seeds,,
,degreeOfEstablishment,,"Cas Grain, birdseed Fabaceae",,
,pathway,,,fisheries,
,pathway,,,accidental,
,pathway,,,"Fd, Fi",
,pathway,,,"Food, Fibre",
,pathway,,,Fornamentalornamentald,
,pathway,,,Fornamentalornamentald/Medicinal/ornamental/Wood or forest byprodct,
,pathway,,,Escape & Release,
,pathway,,,introduced,
,pathway,,,aquaculture,
,pathway,,,1,
,pathway,,,D,
,pathway,,,Lessepsian migration,
,pathway,,,Fornamentalornamentald/Medicinal/ornamental,
,pathway,,,Medicinal/ornamental,
,pathway,,,"Bs,O,W",
,pathway,,,Fiber,
,pathway,,,A,
,pathway,,,acc,
,pathway,,,Contaminant,
,pathway,,,Wood/Pulp;Ornamental,
,pathway,,,Wood;Ornamental,
,pathway,,,O,
,pathway,,,Ornamental,
,pathway,,,Fuel,
,pathway,,,"Ornamental, tanbark",
,pathway,,,Escape,
,pathway,,,Agroforestry; Ornamental;Materials,
,pathway,,,Fornamentalornamentald/Fornamentalrage ornamentalr green Medicinalanre/Medicinal/ornamental//Wood or forest byprodct,
,pathway,,,Agroforestry; Ornamental,
,pathway,,,"O, Ti",
,pathway,,,"Ornamental, timber",
,pathway,,,Forestry,
,pathway,,,Wood,
,pathway,,,"Ornamental, tanbark, timber",
,pathway,,,H,
,pathway,,,Cultivation,
,pathway,,,"H,W",
,pathway,,,uncertain,
,pathway,,,accidental with ships,
,pathway,,,Ui,
,pathway,,,Unintentional,
,pathway,,,Accidental,
,pathway,,,no data,
,pathway,,,other reasons,
,pathway,,,ornamental,
,pathway,,,del,
,pathway,,,4,
,pathway,,,intentional,
,pathway,,,Md,
,pathway,,,Cultivation; Medicinal;Ornamental,
,pathway,,,Medicinal,
,pathway,,,A/D,
,pathway,,,Unintentional;Seed Contaminant,
,pathway,,,Aquaculture,
,pathway,,,Ornamental trade,
,pathway,,,angling/sport,
,pathway,,,Fornamentalornamentald/Medicinal,
,pathway,,,"Ornamentals, Medicines",
,pathway,,,Aquaculture/farming,
,pathway,,,W,
,pathway,,,"3, 4",
,pathway,,,Green manure and forage,
,pathway,,,Agroforestry,
,pathway,,,Fornamentalornamentald/Fornamentalrage ornamentalr green Medicinalanre/ornamental/,
,pathway,,,Seed Contaminant,
,pathway,,,Ornamentals,
,pathway,,,Fornamentalornamentald/Medicinal/ornamental/,
,pathway,,,Horticulture,
,pathway,,,Fiber/Fornamentalornamentald/Medicinal/ornamental/,
,pathway,,,accidentally,
,pathway,,,Medicinal/ornamental/,
,pathway,,,"E,W",
,pathway,,,"Gs,H,W",
,pathway,,,Neo,
,pathway,,,"G,T,W",
,pathway,,,vagrant,
,pathway,,,Afforestation,
,pathway,,,"Gs,W",
,pathway,,,native,
,pathway,,,Shelter;Erosion Control;Forage Crop;Wood,
,pathway,,,Release,
,pathway,,,Culinary; Medicinal,
,pathway,,,ornamental/Wood or forest byprodct,
,pathway,,,Fornamentalrage ornamentalr green Medicinalanre/Medicinal/ornamental/,
,pathway,,,Fornamentalornamentald/Fornamentalrage ornamentalr green Medicinalanre/Medicinal/ornamental/,
,pathway,,,Intentional,
,pathway,,,"2, 6",
,pathway,,,Fornamentalornamentald/ornamental,
,pathway,,,diffused from other countries,
,pathway,,,Fornamentalrage ornamentalr green Medicinalanre/ornamental,
,pathway,,,Fornamentalornamentald/Fornamentalrage ornamentalr green Medicinalanre/Medicinal/ornamental,
,pathway,,,Forage;Cover;Green Manure Crop,
,pathway,,,"As,W",
,pathway,,,"As,Bs,C,E,G,O,Tn,W",
,pathway,,,"As,Bs,C,O,W",
,pathway,,,Fruit or vegetable,
,pathway,,,"Bs,W",
,pathway,,,"Medicines, Fruit or vegetable",
,pathway,,,"As,Bs,W",
,pathway,,,"Bs,H",
,pathway,,,"A,As,Bs,E,G,O,W",
,pathway,,,"S,Tn,W",
,pathway,,,Fd,
,pathway,,,Food,
,pathway,,,"G,O",
,pathway,,,Fornamentalornamentald/,
,pathway,,,"As,Bs,C,G,O,W",
,pathway,,,"Bs,E,W",
,pathway,,,Cultivation; Ornamental,
,pathway,,,"A,As,Bs,E,G,H,O,W",
,pathway,,,Stocking,
,pathway,,,"As,Bs,G,O",
,pathway,,,G,
,pathway,,,other pest control,
,pathway,,,Contaminant & Stowaway,
,pathway,,,"As,Bs,G,W",
,pathway,,,"Bs,G,W",
,pathway,,,Fornamentalornamentald/Fornamentalrage ornamentalr green Medicinalanre/Medicinal/ornamental/Wood or forest byprodct,
,pathway,,,accidental (alone or together with other species),
,pathway,,,"As,G",
,pathway,,,"As,Bs,G,Gs,W",
,pathway,,,Ornamental; Accidental,
,pathway,,,bait,
,pathway,,,D/A,
,pathway,,,Fodder,
,pathway,,,Culinary; Cultivation,
,pathway,,,F,
,pathway,,,Contaminant of aquaculture/farming,
,pathway,,,"G,W",
,pathway,,,"E,G,W",
,pathway,,,"As,B,G,W",
,pathway,,,"G,E,W",
,pathway,,,"G,Gs,W",
,pathway,,,3,
,pathway,,,"As,Bs,O,W",
,pathway,,,"Ornamentals, Fruit or vegetable",
,pathway,,,Seed Contaminant; Ships Ballast; Medicinal,
,pathway,,,"As,G,T",
,pathway,,,"As,Gs",
,pathway,,,"A,As,Gs",
,pathway,,,Fornamentalrage ornamentalr green Medicinalanre/Medicinal/ornamental,
,pathway,,,"G,S",
,pathway,,,Ornamental; Social (Narcotics),
,pathway,,,"Seed Contaminant/(Ornamental, Medicinal)",
,pathway,,,Contaminant of ornamental trade,
,pathway,,,"H,M",
,pathway,,,"2, 3, 4",
,pathway,,,"G,O,W",
,pathway,,,diffusion from neighboring countries,
,pathway,,,"Bs,G",
,pathway,,,other,
,pathway,,,snail control,
,pathway,,,2,
,pathway,,,mosquito control,
,pathway,,,"1, 2",
,pathway,,,Fr,
,pathway,,,"Ornamentals, Green manure and forage",
,pathway,,,Pasture; Turf Grass; Seed Contaminant,
,pathway,,,Agriculture,
,pathway,,,Medicine; Ornamental,
,pathway,,,fill ecological niche,
,pathway,,,Fencing,
,pathway,,,As,
,pathway,,,"Bs,C,W",
,pathway,,,Fiber/Fornamentalornamentald/Medicinal/ornamental,
,pathway,,,Commodity/Seed Contaminant,
,pathway,,,Fornamentalornamentald/Medicinal/,
,pathway,,,Fornamentalrage ornamentalr green Medicinalanre/ornamental/,
,pathway,,,Fodder;Forage,
,pathway,,,"Bs,O",
,pathway,,,"Bs,E,G,W",
,pathway,,,"Cultivation, Escape from confinement, Food, Forage, Horticulture, Medicinal, Ornamental, Research, Hitchhiker, Habitat restoration, Preservation",
,pathway,,,"E,H,W",
,pathway,,,"A,Gs,W",
,pathway,,,Gs,
,pathway,,,"As,G,W",
,pathway,,,"D, a",
,pathway,,,7,
,pathway,,,a,
,pathway,,,"B,Bs,G",
,pathway,,,Bs,
,pathway,,,"Bs,H,W",
,pathway,,,"E,H",
,pathway,,,"Ornamental, Timber",
,pathway,,,Ornamental;Medicinal,
,pathway,,,Non-Food Crop Cultivation,
,pathway,,,"Bs,F",
,pathway,,,forage,
,pathway,,,I,
,pathway,,,"Bs,I,W",
,pathway,,,"A,As,W",
,pathway,,,"Bs,G,O",
,pathway,,,Therapeutic; Plant Contaminant,
,pathway,,,Plantation,
,pathway,,,ornamental/,
,pathway,,,"O,W",
,pathway,,,"As,G,Gs",
,pathway,,,"As,Bs,E,G,W",
,pathway,,,Ornamental;Accidental,
,pathway,,,"A,G,H,W",
,pathway,,,"A,Bs,G,W",
,pathway,,,Intentional / Unintentional,
,pathway,,,Fencing;Ornament,
,pathway,,,"Medicines, Green manure and forage",
,pathway,,,"Bs,G,S,W",
,pathway,,,Medicinal/,
,pathway,,,Accidental transportation,
,pathway,,,"Bs,G,O,W",
,pathway,,,"Bs,C,E,G,O,W",
,pathway,,,"A,Bs,F,W",
,pathway,,,"Fd, Md, O",
,pathway,,,"Food, medicinal, ornamental",
,pathway,,,Fornamentalornamentald/ornamental/Medicinal/,
,pathway,,,"F,W",
,pathway,,,Ornamental;Cultivation,
,pathway,,,B,
,pathway,,,Fornamentalornamentald/Fornamentalrage ornamentalr green Medicinalanre/ornamental,
,pathway,,,Ornamental; Hedge Plant,
,pathway,,,"As,Bs,G",
,pathway,,,"G,H",
,pathway,,,V,
,pathway,,,weed control,
,pathway,,,"1, 3, 4, 6",
,pathway,,,Fiber/Fornamentalornamentald/Fornamentalrage ornamentalr green Medicinalanre/Medicinal/ornamental/,
,pathway,,,"Crop Production, Ornamental, Escape from confinement, Landscape improvement, Medicinal use",
,pathway,,,"Crop production, Ornamental, Horticulture, Escape from confinement, Food, Medicinal use, Botanical garden",
,pathway,,,S,
,pathway,,,"Bs,Tn,W",
,pathway,,,"F,H",
,pathway,,,Timber,
,pathway,,,"Bs,C,H,W",
,pathway,,,"3, 4, 5",
,pathway,,,"I,W",
,pathway,,,"As,Bs",
,pathway,,,"G,Gs",
,pathway,,,Gr,
,pathway,,,Green Manure,
,pathway,,,Fi,
,pathway,,,Fibre,
,pathway,,,Medicines,
,pathway,,,contaminant,
,pathway,,,"Ornamental, Rubber Production",
,pathway,,,phyto-zooplankton control,
,pathway,,,Cultivation; Food; Horticulture,
,pathway,,,"G,I,W",
,pathway,,,Food; Medicianl; Perfume,
,pathway,,,Crop Production,
,pathway,,,"Bs,G,H,O,W",
,pathway,,,Fornamentalornamentald/ornamental/Wood or forest byprodct,
,pathway,,,Fornamentalornamentald/Fornamentalrage ornamentalr green Medicinalanre/Medicinal/,
,pathway,,,"Bs,C,O,W",
,pathway,,,"As,Bs,I,W",
,pathway,,,"As,Bs,G,I,O,W",
,pathway,,,"B,Bs",
,pathway,,,"Gs,H",
,pathway,,,Fodder;Erosion Control;Accidental,
,pathway,,,Fodder;Erosion Control; Seed contaminant,
,pathway,,,"Ornamental, Horticulture, Landscape improvement",
,pathway,,,"Escape from confinement, Ornamental",
,pathway,,,"4, 6",
,pathway,,,"Bs,C,G,O,W",
,pathway,,,"A,Bs",
,pathway,,,Shelter; Erosion Control; Ornamental,
,pathway,,,"B,Bs,C,G,O",
,pathway,,,Transport,
,pathway,,,"Escape from confinement, Horticulture, Ornamental, Medicinal, Forage",
,pathway,,,"Ornamental, Medicinal",
,pathway,,,"H,I",
,pathway,,,"I,T",
,pathway,,,Pasture Grass,
,pathway,,,"B,Bs,G,O,W",
,pathway,,,"B,W",
,pathway,,,"B,Bs,G,W",
,pathway,,,"B,Bs,W",
,pathway,,,Seed Contaminant; Commodity Contaminat; Transport,
,pathway,,,"Bs,F,H,W",
,pathway,,,Fornamentalornamentald/ornamental/,
,pathway,,,Contaminant of stocking,
,pathway,,,intenationally and accidentally,
,pathway,,,Ti,
,pathway,,,Shade;Shelter,
,pathway,,,Plantation (Pulpwood),
,pathway,,,Botanical garden,
,pathway,,,"Escape from confinement, Hedges, Horticulture, Landscape improvement, Ornamental",
,pathway,,,"G,Gs,T",
,pathway,,,"As,I",
,pathway,,,Fornamentalornamentald/Medicinal/ornamental//Wood or forest byprodct,
,pathway,,,"As,Bs,G,I",
,pathway,,,"Bs,G,I,W",
,pathway,,,Ground Cover,
,pathway,,,Ornamental; Permaculture,
,pathway,,,Ornamental;Permaculture,
,pathway,,,"H,I,W",
,pathway,,,"Ornamentals, Unintentional",
,pathway,,,"Bs,F,G",
,pathway,,,off-site preservation,
,pathway,,,"Bs,G,H,W",
,pathway,,,Shade,
,pathway,,,"Bs,F,O",
,pathway,,,"H,S,W",
,pathway,,,Fibre;Ornamental,
,pathway,,,Fibre crop; Ornamental,
,pathway,,,Fornamentalrage ornamentalr green Medicinalanre/Medicinal/,
,pathway,,,"A,,Bs,F,H,O,W",
,pathway,,,"E,G,Tn,W",
,pathway,,,"Bs,H,O,W",
,pathway,,,"E,G,Gs,W",
,pathway,,,"Bs,G,Gs,O,W",
,pathway,,,Medicinal; Cultivation; Ornamental,
,pathway,,,Medicinal;Food;Accidental,
,pathway,,,Ornamental; Horticulture,
,pathway,,,"A,I,T",
,pathway,,,Forage;Erosion Control,
,pathway,,,Cover Crop,
,pathway,,,Ornamental; Forage; Groundcover; Medicinal,
,pathway,,,"Crop production, Escape from confinement, Horticulture, Ornamental, medicinal",
,pathway,,,Seed Ccontaminant; Spice Contaminant,
,pathway,,,Seed Ccontaminant;Spice Contaminant,
,pathway,,,Medicinal;Ornamental,
,pathway,,,& W,
,pathway,,,"Ornamental, Cultivation",
,pathway,,,"G,H,W",
,pathway,,,Ornamental Plants,
,pathway,,,"Bs,G,Tn",
,pathway,,,"Bs,Tn",
,pathway,,,"BsG,H",
,pathway,,,Ornamental; Henna Dye Production,
,pathway,,,Acquatic Plant Trade,
,pathway,,,"& B,W",
,pathway,,,"A,B,G,W",
,pathway,,,"Bs,G,T,W",
,pathway,,,Hay Contaminant; Commodity Contaminant,
,pathway,,,Commodity Contaminant,
,pathway,,,Fiber/Fornamentalornamentald/ornamental,
,pathway,,,Habitat rehabilitation,
,pathway,,,"A,H",
,pathway,,,"Bs,",
,pathway,,,"Forage; Soil Stabilisation, Law/Turf",
,pathway,,,"As,Bs,E,G,O,W",
,pathway,,,"A,G,W",
,pathway,,,"A,W",
,pathway,,,"G,Gs,H",
,pathway,,,Commodity/Seed Contaminant; Ornamental,
,pathway,,,Seed Contaminant; Ornamental,
,pathway,,,Forage; Cover; Soil Improver,
,pathway,,,Plantation; Timber,
,pathway,,,"As,G,Tn,W",
,pathway,,,"C,W",
,pathway,,,"C,G,Tn,W",
,pathway,,,"B,S,W",
,pathway,,,Forage; Soil Improver; Seed Contaminant,
,pathway,,,"A,Bs,Gs,",
,pathway,,,"G,Tn,W",
,pathway,,,"A,Bs,W",
,pathway,,,"Bs,F,G,S,W",
,pathway,,,"A,Bs,",
,pathway,,,Fodder; Forage,
,pathway,,,Forage,
,pathway,,,Pasture; Ornamental,
,pathway,,,Ornamental; Ground Cover,
,pathway,,,Medicinal; Ground Cover,
,pathway,,,Slope and silt stabilization,
,pathway,,,Hedge,
,pathway,,,Soil improvement,
,pathway,,,Ornamental; Botanical Curiosity,
,pathway,,,"Bm,H",
,pathway,,,Bm,
,pathway,,,Fodder; Silkworm Rearing; Horticulture; Timber,
,pathway,,,"Fd, O",
,pathway,,,"Food, ornamental",
,pathway,,,"Cr, Md, O",
,pathway,,,"M,W",
,pathway,,,Social (Smoking); Culitvation,
,pathway,,,"Crop, medicinal, ornamental",
,pathway,,,Culitvation,
,pathway,,,U,
,pathway,,,"Culinary, Medicinal",
,pathway,,,"Ornamentals, Fuel",
,pathway,,,Cultivation; Horticulture,
,pathway,,,"Ornamental, Succulent",
,pathway,,,"Ornamentals, Fruit or vegetable, Green manure and forage",
,pathway,,,Fodder; Agroforestry,
,pathway,,,"Food, Ornamental",
,pathway,,,"Fencing; Fodder,Fruit",
,pathway,,,"S,Tn",
,pathway,,,Ornamental; Culinary; Medicinal; Accidental,
,pathway,,,Rabbit Food;Ornamental,
,pathway,,,"A,Bs,G,O",
,pathway,,,"Green manure and forage, Unintentional",
,pathway,,,"Bs,F,H",
,pathway,,,Ornamental; Soil Improver; Hedge,
,pathway,,,Ornamental; Soil Improver,
,pathway,,,Food Contaminant,
,pathway,,,Forage; Lawn Grass,
,pathway,,,Forage; Fodder,
,pathway,,,Food; Ornamental; Accidental,
,pathway,,,Food; Ornamental,
,pathway,,,Pasture Grass; Soil Conservation,
,pathway,,,Fodder Grass,
,pathway,,,"As,Gs,G,H",
,pathway,,,"A,,E,G,W",
,pathway,,,"Bs,G,E,W",
,pathway,,,"Bs,F,G,O,W",
,pathway,,,"F,G",
,pathway,,,"1, 2, 3",
,pathway,,,Ornamental; Medicinal; Culinary,
,pathway,,,Plant Contaminant,
,pathway,,,Grass; Commodity Contaminant,
,pathway,,,Plant/Seed Contaminant,
,pathway,,,"G,T",
,pathway,,,Commodity Contaminant; Seed Contaminant,
,pathway,,,Commidity Contaminant; Horticultural; Migratory Waterfowl,
,pathway,,,"Bs,G,H,S",
,pathway,,,Fuel;Fodder,
,pathway,,,Ornamental; Fuel; Fodder,
,pathway,,,"2, 3",
,pathway,,,Cultivation; Food,
,pathway,,,"H,O",
,pathway,,,"Medicines, Fuel",
,pathway,,,Ornamental; Agroforestry,
,pathway,,,Horticulture (Rootstock),
,pathway,,,Seed/Plant Contaminant; Medicinal,
,pathway,,,"As,Gs,H",
,pathway,,,Sugarcane Breeding Programs,
,pathway,,,"Bm,Neo",
,pathway,,,"Bs,G,Gs,W",
,pathway,,,Ornamental; Cultivation,
,pathway,,,Ornamental; Oceanic Currents,
,pathway,,,"Bs,I,Tn,W",
,pathway,,,"V,W",
,pathway,,,"H,Neo",
,pathway,,,Ornamental; Medicinal,
,pathway,,,Firewood; Boundary; Afforstation,
,pathway,,,"Bs,C,E,O,W",
,pathway,,,"Bs,GO",
,pathway,,,"A,Bs,G",
,pathway,,,Accidental; Food,
,pathway,,,"As,Bs,G,OW",
,pathway,,,Seed/Plant Contamination; Commodity Contamination,
,pathway,,,Seed Containment; Fibres,
,pathway,,,"Bs,Gs,W",
,pathway,,,"B,G",
,pathway,,,Seed/Plant Contamination,
,pathway,,,Insecticide,
,pathway,,,Fornamentalornamentald/ornamental//Wood or forest byprodct,
,pathway,,,Ornamental; Seed Contaminant,
,pathway,,,"S,V,W",
,pathway,,,"Bs,F,W",
,pathway,,,Cultivation; Fodder; Seed/Plant Contamination; Transport,
,pathway,,,Ornamental; Erosion Control; Revegatation,
,pathway,,,Medicinal/ornamental/Wood or forest byprodct,
,pathway,,,Fuelwood; Fencing,
,pathway,,,"Bs,Co,G,W",
,pathway,,,Ornamental; Medicinal; Perfume; Accidentally,
,pathway,,,"Medicines, Unintentional",
,pathway,,,Fornamentalrage ornamentalr green Medicinalanre/Medicinal/ornamental/Wood or forest byprodct,
,pathway,,,"A,Gs",
,pathway,,,O Ti,
,pathway,,,"Bs,Gs",
,pathway,,,"S,W",
,pathway,,,"Bs,G,Tn,W",
,pathway,,,"A,Bs,G,Tn,W",
,pathway,,,"A,Tn",
,pathway,,,"A,B,Gs",
,pathway,,,"Bs,E,G,Tn,W",
,pathway,,,"E,Tn,W",
,pathway,,,Ornamental; Horticultural,
,pathway,,,"F,G,H",
,pathway,,,Fodder;Hedge Plant,
,pathway,,,Fibre Crop,
,pathway,,,Seed Contaminant; Fodder,
,pathway,,,Medicinal; Accidental,
,pathway,,,Ornamental; Medicinal; Transport,
,pathway,,,"G,Tn",
,pathway,,,"Bs,G,H,Tn,W",
,pathway,,,Forage; Seed Contaminant,
,pathway,,,"A,F",
,habitat,,,,host
,habitat,,,,"Terrestrial, freshwater"
,habitat,,,,"open areas, degraded forest"
,habitat,,,,disturbed habitats
,habitat,,,,"Terrestrial,freshwater"
,habitat,,,,"freshwater lake,ponds,wetlands,roadside ditches"
,habitat,,,,terrestrial|host
,habitat,,,,agricultural and fallow land
,habitat,,,,agricaltural land and abandoned area
,habitat,,,,"open habitat, forest edgs, shrub lands"
,habitat,,,,"agricultural land,roadsides,grasslands"
,habitat,,,,"disturbed habitats, cultivated lands"
,habitat,,,,"lakes,ponds,moist arable lands, paddy fields"
,habitat,,,,"Fallow land, forest margins,wetlands"
,habitat,,,,"Forest clearing,flood plains,riverbanks"
,habitat,,,,"Moist fallow land, forest edges"
,habitat,,,,"Wetlands, rice fields, marshy fallow land"
,habitat,,,,"Agricultural land, orchards and nurseries"
,habitat,,,,"marine, estuarine"
,habitat,,,,"Wetlands,rice fields, slow running streams"
,habitat,,,,"Agricultural land,moist fallow land,forest margins, roadsides"
,habitat,,,,"Terrestrial,freshwater,marine,estuarine"
,habitat,,,,"marine,estuarine"
,habitat,,,,"Wetlands, ponds,lakes slow running streams"
