locationID,verbatimLocation,locality,country,region,taxonID,Taxon,habitat,firstRecordEvent,verbatimFirstRecordEvent,confidenceFirstRecordEvent,occurrenceStatus,establishmentMeans,degreeOfEstablishment,pathway,datasetName,bibliographicCitation,accessRights
"",Slovakia,Slovakia,"","",16097,Abies firma Siebold et Zucc,"",19051960,1905(1960),low confidence,cas,cas,cas,"","Medveckï¿½, J et al (2012)","Medveckï¿½, J et al (2012)",Free
"",Slovakia,Slovakia,"","",16098,Abies grandis (Douglas ex D Don) Lindl,"",18901960,1890(1960),low confidence,cas,cas,cas,"","Medveckï¿½, J et al (2012)","Medveckï¿½, J et al (2012)",Free
"",Slovakia,Slovakia,"","",16099,Abies nordmanniana (Stev) Spach,"",18451960,1845(1960),low confidence,cas,cas,cas,"","Medveckï¿½, J et al (2012)","Medveckï¿½, J et al (2012)",Free
"",Slovakia,Slovakia,"","",8882,Acer negundo L,"",17941865,1794(1865),low confidence,inv,inv,inv,"","Medveckï¿½, J et al (2012)","Medveckï¿½, J et al (2012)",Free
"",Slovakia,Slovakia,"","",16102,Acorus calamus L,"",17911830,1791(1830),low confidence,nat,nat,nat,"","Medveckï¿½, J et al (2012)","Medveckï¿½, J et al (2012)",Free
"",Norway,Norway,"","",12065,Actaea rubra,"",1900-1999-1900,1900-1999 - 1900,low confidence,alien,alien,alien,"",GISD,GISD,Free
"",Slovakia,Slovakia,"","",16103,Adonis annua L,"",18301905,1830(1905),low confidence,cas,cas,cas,"","Medveckï¿½, J et al (2012)","Medveckï¿½, J et al (2012)",Free
"",Slovakia,Slovakia,"","",8886,Aesculus hippocastanum L,"",171830,17c(1830),low confidence,nat,nat,nat,"","Medveckï¿½, J et al (2012)","Medveckï¿½, J et al (2012)",Free
"",Mauritius,Mauritius,"","",1584,Agathis stigmatera,"",1949-1951-1953,"1949-51, 1953",low confidence,established,established,established,intentional,Silvia Rossinelli & Sven Bacher,Silvia Rossinelli & Sven Bacher,Permission required from Sven Bacher (svenbacher@unifrch)
"",Slovakia,Slovakia,"","",4720,Ailanthus altissima (Mill) Swingle,"",18501964,1850(1964),low confidence,inv,inv,inv,"","Medveckï¿½, J et al (2012)","Medveckï¿½, J et al (2012)",Free
"",Slovakia,Slovakia,"","",16108,Allium cepa L,"",18301950,1830(1950),low confidence,cas,cas,cas,"","Medveckï¿½, J et al (2012)","Medveckï¿½, J et al (2012)",Free
"",Slovakia,Slovakia,"","",16110,Allium karataviense Regel,"",19802011,1980(2011),low confidence,cas,cas,cas,"","Medveckï¿½, J et al (2012)","Medveckï¿½, J et al (2012)",Free
"",Slovakia,Slovakia,"","",16111,Allium moly L,"",18531993,1853(1993),low confidence,cas,cas,cas,"","Medveckï¿½, J et al (2012)","Medveckï¿½, J et al (2012)",Free
"",Slovakia,Slovakia,"","",16112,Allium porrum L,"",18301984,1830(1984),low confidence,cas,cas,cas,"","Medveckï¿½, J et al (2012)","Medveckï¿½, J et al (2012)",Free
"",Slovakia,Slovakia,"","",7984,Allium sativum L,"",18301955,1830(1955),low confidence,cas,cas,cas,"","Medveckï¿½, J et al (2012)","Medveckï¿½, J et al (2012)",Free
"",Slovakia,Slovakia,"","",16113,Allium schoenoprasum L subsp schoenoprasum,"",18301979,1830(1979),low confidence,cas,cas,cas,"","Medveckï¿½, J et al (2012)","Medveckï¿½, J et al (2012)",Free
"",Slovakia,Slovakia,"","",16115,Alnus viridis (Chaix) DC,"",181853,18c(1853),low confidence,nat,nat,nat,"","Medveckï¿½, J et al (2012)","Medveckï¿½, J et al (2012)",Free
"",Slovakia,Slovakia,"","",16116,Althaea armeniaca Ten,"",19822006,1982(2006),low confidence,cas,cas,cas,"","Medveckï¿½, J et al (2012)","Medveckï¿½, J et al (2012)",Free
"",Slovakia,Slovakia,"","",8900,Amaranthus caudatus L,"",18961947,1896(1947),low confidence,cas,cas,cas,"","Medveckï¿½, J et al (2012)","Medveckï¿½, J et al (2012)",Free
"",Slovakia,Slovakia,"","",8902,Amaranthus cruentus L,"",18761938,1876(1938),low confidence,cas,cas,cas,"","Medveckï¿½, J et al (2012)","Medveckï¿½, J et al (2012)",Free
"",Slovakia,Slovakia,"","",8904,Amaranthus hypochondriacus L,"",17911948,1791(1948),low confidence,cas,cas,cas,"","Medveckï¿½, J et al (2012)","Medveckï¿½, J et al (2012)",Free
"",Slovakia,Slovakia,"","",16126,Amelanchier canadensis (L) Medik,"",19001969,1900(1969),low confidence,cas,cas,cas,"","Medveckï¿½, J et al (2012)","Medveckï¿½, J et al (2012)",Free
"",Slovakia,Slovakia,"","",4729,Amorpha fruticosa L,"",18501931,1850(1931),low confidence,nat,nat,nat,"","Medveckï¿½, J et al (2012)","Medveckï¿½, J et al (2012)",Free
"",Hawaii,Hawaii,"","",21823,Anagrus frequens,"",1917-1919-1920-1923,1917-1919; 1920-1923,low confidence,established,established,established,intentional,Silvia Rossinelli & Sven Bacher,Silvia Rossinelli & Sven Bacher,Permission required from Sven Bacher (svenbacher@unifrch)
"",Slovakia,Slovakia,"","",16137,Anthriscus cerefolium (L) Hoffm subsp cerefolium,"",18301853,1830(1853),low confidence,cas,cas,cas,"","Medveckï¿½, J et al (2012)","Medveckï¿½, J et al (2012)",Free
"",Slovakia,Slovakia,"","",16139,Antirrhinum majus L,"",17911830,1791(1830),low confidence,cas,cas,cas,"","Medveckï¿½, J et al (2012)","Medveckï¿½, J et al (2012)",Free
"",Slovakia,Slovakia,"","",15438,Apium graveolens L,"",18301853,1830(1853),low confidence,cas,cas,cas,"","Medveckï¿½, J et al (2012)","Medveckï¿½, J et al (2012)",Free
"",Slovakia,Slovakia,"","",16150,Artemisia abrotanum L,"",18882008,1888(2008),low confidence,cas,cas,cas,"","Medveckï¿½, J et al (2012)","Medveckï¿½, J et al (2012)",Free
"",Slovakia,Slovakia,"","",16153,Artemisia dracunculus L,"",18781931,1878(1931),low confidence,cas,cas,cas,"","Medveckï¿½, J et al (2012)","Medveckï¿½, J et al (2012)",Free
"",Slovakia,Slovakia,"","",16170,Bassia scoparia (L) A J Scott,"",17911926,1791(1926),low confidence,nat,nat,nat,"","Medveckï¿½, J et al (2012)","Medveckï¿½, J et al (2012)",Free
"",Slovakia,Slovakia,"","",16173,Berberis julianae C K Schneid,"",19101999,1910(1999),low confidence,cas,cas,cas,"","Medveckï¿½, J et al (2012)","Medveckï¿½, J et al (2012)",Free
"",Slovakia,Slovakia,"","",15079,Berberis thunbergii DC,"",19102011,1910(2011),low confidence,cas,cas,cas,"","Medveckï¿½, J et al (2012)","Medveckï¿½, J et al (2012)",Free
"",Slovakia,Slovakia,"","",16175,Beta vulgaris L,"",18301948,1830(1948),low confidence,cas,cas,cas,"","Medveckï¿½, J et al (2012)","Medveckï¿½, J et al (2012)",Free
"",Slovakia,Slovakia,"","",16176,Borago officinalis L,"",17911866,1791(1866),low confidence,cas,cas,cas,"","Medveckï¿½, J et al (2012)","Medveckï¿½, J et al (2012)",Free
"",Slovakia,Slovakia,"","",16177,Brassica carinata A Braun,"",19802002,1980(2002),low confidence,cas,cas,cas,"","Medveckï¿½, J et al (2012)","Medveckï¿½, J et al (2012)",Free
"",Slovakia,Slovakia,"","",16179,Brassica napus L,"",19131984,1913(1984),low confidence,cas,cas,cas,"","Medveckï¿½, J et al (2012)","Medveckï¿½, J et al (2012)",Free
"",Slovakia,Slovakia,"","",16181,Brassica oleracea L,"",18301958,1830(1958),low confidence,cas,cas,cas,"","Medveckï¿½, J et al (2012)","Medveckï¿½, J et al (2012)",Free
"",Slovakia,Slovakia,"","",16187,Broussonetia papyrifera (L) Lï¿½ Hï¿½r ex Vent,"",19292005,1929(2005),low confidence,cas,cas,cas,"","Medveckï¿½, J et al (2012)","Medveckï¿½, J et al (2012)",Free
"",Slovakia,Slovakia,"","",8948,Buddleja davidii Franch,"",19111942,1911(1942),low confidence,cas,cas,cas,"","Medveckï¿½, J et al (2012)","Medveckï¿½, J et al (2012)",Free
"",Slovakia,Slovakia,"","",16191,Buxus sempervirens L,"",18651931,1865(1931),low confidence,cas,cas,cas,"","Medveckï¿½, J et al (2012)","Medveckï¿½, J et al (2012)",Free
"",United States,United States,"","",29995,CGMMV,"",242013,"before July 24, 2013",low confidence,"","","","",Simpson et al (2018),Simpson et al (2018),Free
"",Slovakia,Slovakia,"","",16204,Campsis radicans (L) Seem,"",202010,20c(2010),low confidence,cas,cas,cas,"","Medveckï¿½, J et al (2012)","Medveckï¿½, J et al (2012)",Free
"",Slovakia,Slovakia,"","",16207,Caragana arborescens Lam,"",18901937,1890(1937),low confidence,cas,cas,cas,"","Medveckï¿½, J et al (2012)","Medveckï¿½, J et al (2012)",Free
"",Slovakia,Slovakia,"","",16215,Carya ovata (Mill) K Koch,"",18581958,1858(1958),low confidence,cas,cas,cas,"","Medveckï¿½, J et al (2012)","Medveckï¿½, J et al (2012)",Free
"",Slovakia,Slovakia,"","",16216,Carya tomentosa (Poir) Nutt,"",18581958,1858(1958),low confidence,nat,nat,nat,"","Medveckï¿½, J et al (2012)","Medveckï¿½, J et al (2012)",Free
"",Slovakia,Slovakia,"","",16217,Catalpa bignonioides Walt,"",17631985,1763(1985),low confidence,cas,cas,cas,"","Medveckï¿½, J et al (2012)","Medveckï¿½, J et al (2012)",Free
"",Slovakia,Slovakia,"","",16218,Celtis australis L,"",17942011,1794(2011),low confidence,cas,cas,cas,"","Medveckï¿½, J et al (2012)","Medveckï¿½, J et al (2012)",Free
"",Austria,Austria,"","",5874,Celtis occidentalis,"",19171,<19171,low confidence,Not established,Not established,Not established,"",NOBANIS,NOBANIS,Free
"",Slovakia,Slovakia,"","",8962,Celtis occidentalis L,"",18401972,1840(1972),low confidence,nat,nat,nat,"","Medveckï¿½, J et al (2012)","Medveckï¿½, J et al (2012)",Free
"",Slovakia,Slovakia,"","",16226,Chamaecyparis lawsoniana (A Murray) Parl,"",18701960,1870(1960),low confidence,cas,cas,cas,"","Medveckï¿½, J et al (2012)","Medveckï¿½, J et al (2012)",Free
"",Slovakia,Slovakia,"","",16227,Chamaecyparis nootkatensis (D Don) Spach,"",18601960,1860(1960),low confidence,cas,cas,cas,"","Medveckï¿½, J et al (2012)","Medveckï¿½, J et al (2012)",Free
"",Slovakia,Slovakia,"","",16234,Chenopodium integrifolium Vorosch,"",19521972,1952(1972),low confidence,cas,cas,cas,"","Medveckï¿½, J et al (2012)","Medveckï¿½, J et al (2012)",Free
"",Slovakia,Slovakia,"","",16239,Chenopodium schraderianum Schult,"",18931948,1893(1948),low confidence,nat,nat,nat,"","Medveckï¿½, J et al (2012)","Medveckï¿½, J et al (2012)",Free
"",Japan,Japan,"","",4786,Cirsium vulgare (Savi) Ten,"",201945-1955,Showa 20s (1945-1955) or later,low confidence,Established,Established,Established,"",Egawa & Koyama (2023),Egawa & Koyama (2023),Free
"",Slovakia,Slovakia,"","",16246,Citrullus lanatus (Thunb) Matsum et Nakai,"",161984,16c(1984),low confidence,cas,cas,cas,"","Medveckï¿½, J et al (2012)","Medveckï¿½, J et al (2012)",Free
"",Slovakia,Slovakia,"","",16251,Consolida hispanica (Costa) Greuter et Burdet,"",18761918,1876(1918),low confidence,nat,nat,nat,"","Medveckï¿½, J et al (2012)","Medveckï¿½, J et al (2012)",Free
"",Slovakia,Slovakia,"","",16254,Cornus alba L,"",18901997,1890(1997),low confidence,cas,cas,cas,"","Medveckï¿½, J et al (2012)","Medveckï¿½, J et al (2012)",Free
"",Slovakia,Slovakia,"","",16255,Cornus alternifolia L f,"",19111969,1911(1969),low confidence,cas,cas,cas,"","Medveckï¿½, J et al (2012)","Medveckï¿½, J et al (2012)",Free
"",Slovakia,Slovakia,"","",16256,Cornus sericea L,"",19191989,1919(1989),low confidence,nat,nat,nat,"","Medveckï¿½, J et al (2012)","Medveckï¿½, J et al (2012)",Free
"",Slovakia,Slovakia,"","",16260,Corylus colurna L,"",18452003,1845(2003),low confidence,cas,cas,cas,"","Medveckï¿½, J et al (2012)","Medveckï¿½, J et al (2012)",Free
"",Slovakia,Slovakia,"","",16262,Cotoneaster divaricatus Rehder et Wilson,"",19041992,1904(1992),low confidence,cas,cas,cas,"","Medveckï¿½, J et al (2012)","Medveckï¿½, J et al (2012)",Free
"",Slovakia,Slovakia,"","",8987,Cotoneaster horizontalis Decne,"",19091995,1909(1995),low confidence,nat,nat,nat,"","Medveckï¿½, J et al (2012)","Medveckï¿½, J et al (2012)",Free
"",Slovakia,Slovakia,"","",16263,Crambe abyssinica Host ex R E Fr,"",19602003,1960(2003),low confidence,cas,cas,cas,"","Medveckï¿½, J et al (2012)","Medveckï¿½, J et al (2012)",Free
"",Slovakia,Slovakia,"","",16269,Cucurbita pepo L,"",161876,16c(1876),low confidence,cas,cas,cas,"","Medveckï¿½, J et al (2012)","Medveckï¿½, J et al (2012)",Free
"",Slovakia,Slovakia,"","",16272,Cyclamen purpurascens Mill subsp purpurascens,"",18901933,1890(1933),low confidence,cas,cas,cas,"","Medveckï¿½, J et al (2012)","Medveckï¿½, J et al (2012)",Free
"",Norway,Norway,"","",12804,Cytisus ï¿½praecox,"",1900-2000-1900,1900-2000 - 1900,low confidence,alien,alien,alien,"",GISD,GISD,Free
"",Canada,Canada,"","",2417,Dahlbominus fuscipennis,"",1934-1943-1946,1934-1943 & 1946,low confidence,established,established,established,intentional,Silvia Rossinelli & Sven Bacher,Silvia Rossinelli & Sven Bacher,Permission required from Sven Bacher (svenbacher@unifrch)
"",Slovakia,Slovakia,"","",16285,Digitalis purpurea L,"",18531998,1853(1998),low confidence,cas,cas,cas,"","Medveckï¿½, J et al (2012)","Medveckï¿½, J et al (2012)",Free
"",Slovakia,Slovakia,"","",16296,Echinocystis lobata (Michx) Torr et A Gray,"",19331942,1933(1942),low confidence,inv,inv,inv,"","Medveckï¿½, J et al (2012)","Medveckï¿½, J et al (2012)",Free
"",Slovakia,Slovakia,"","",9037,Elaeagnus angustifolia L,"",18701968,1870(1968),low confidence,nat,nat,nat,"","Medveckï¿½, J et al (2012)","Medveckï¿½, J et al (2012)",Free
"",Slovakia,Slovakia,"","",9048,Elsholtzia ciliata (Thunb) Hyl,"",19371964,1937(1964),low confidence,cas,cas,cas,"","Medveckï¿½, J et al (2012)","Medveckï¿½, J et al (2012)",Free
"",Norway,Norway,"","",12968,Eryngium bourgatii,"",1950-2000-1950,1950-2000 - 1950,low confidence,alien,alien,alien,"",GISD,GISD,Free
"",Slovakia,Slovakia,"","",16312,Euclidium syriacum (L) R Br,"",18431843,1843(1843),low confidence,nat,nat,nat,"","Medveckï¿½, J et al (2012)","Medveckï¿½, J et al (2012)",Free
"",Slovakia,Slovakia,"","",16313,Euonymus japonicus Thunb,"",18951991,1895(1991),low confidence,cas,cas,cas,"","Medveckï¿½, J et al (2012)","Medveckï¿½, J et al (2012)",Free
"",Slovakia,Slovakia,"","",16316,Euphorbia lathyris L,"",18641916,1864(1916),low confidence,cas,cas,cas,"","Medveckï¿½, J et al (2012)","Medveckï¿½, J et al (2012)",Free
"",Canada Ontario,Canada Ontario,"","",2732,Exenterus abruptorius,"",1972737980,"1972,73,79,80",low confidence,established,established,established,intentional,Silvia Rossinelli & Sven Bacher,Silvia Rossinelli & Sven Bacher,Permission required from Sven Bacher (svenbacher@unifrch)
"",Slovakia,Slovakia,"","",15505,Fagopyrum tataricum (L) Gaertn,"",18691956,1869(1956),low confidence,cas,cas,cas,"","Medveckï¿½, J et al (2012)","Medveckï¿½, J et al (2012)",Free
"",Slovakia,Slovakia,"","",15102,Fallopia aubertii (L Henry) Holub,"",19111975,1911(1975),low confidence,cas,cas,cas,"","Medveckï¿½, J et al (2012)","Medveckï¿½, J et al (2012)",Free
"",Slovakia,Slovakia,"","",15104,Fallopia sachalinensis (F Schmidt) Ronse Decr,"",19461962,1946(1962),low confidence,nat,nat,nat,"","Medveckï¿½, J et al (2012)","Medveckï¿½, J et al (2012)",Free
"",Norway,Norway,"","",13032,Filipendula rubra,"",1950-2000-1950,1950-2000 - 1950,low confidence,alien,alien,alien,"",GISD,GISD,Free
"",Slovakia,Slovakia,"","",15509,Foeniculum vulgare Mill,"",18301977,1830(1977),low confidence,cas,cas,cas,"","Medveckï¿½, J et al (2012)","Medveckï¿½, J et al (2012)",Free
"",Slovakia,Slovakia,"","",16324,Forsythia suspensa Vahl,"",18901999,1890(1999),low confidence,cas,cas,cas,"","Medveckï¿½, J et al (2012)","Medveckï¿½, J et al (2012)",Free
"",Slovakia,Slovakia,"","",16326,Fraxinus americana L,"",18041986,1804(1986),low confidence,nat,nat,nat,"","Medveckï¿½, J et al (2012)","Medveckï¿½, J et al (2012)",Free
"",Slovakia,Slovakia,"","",16327,Fraxinus pennsylvanica Marshall,"",18701994,1870(1994),low confidence,nat,nat,nat,"","Medveckï¿½, J et al (2012)","Medveckï¿½, J et al (2012)",Free
"",Hawaiian Islands,Hawaiian Islands,"","",27461,Gehyra mutilata,"",4002009,~400 (Kraus (2009)),low confidence,"","","","",Simpson et al (2018),Simpson et al (2018),Free
"",Slovakia,Slovakia,"","",16346,Glaucium flavum Crantz,"",17911830,1791(1830),low confidence,cas,cas,cas,"","Medveckï¿½, J et al (2012)","Medveckï¿½, J et al (2012)",Free
"",Slovakia,Slovakia,"","",9088,Gleditsia triacanthos L,"",18061937,1806(1937),low confidence,nat,nat,nat,"","Medveckï¿½, J et al (2012)","Medveckï¿½, J et al (2012)",Free
"",Slovakia,Slovakia,"","",8081,Glycine max (L) Merr,"",19681984,1968(1984),low confidence,cas,cas,cas,"","Medveckï¿½, J et al (2012)","Medveckï¿½, J et al (2012)",Free
"",Slovakia,Slovakia,"","",16350,Gymnocladus dioica (L) K Koch,"",17941984,1794(1984),low confidence,cas,cas,cas,"","Medveckï¿½, J et al (2012)","Medveckï¿½, J et al (2012)",Free
"",Slovakia,Slovakia,"","",16352,Gypsophila scorzonerifolia Ser,"",18192011,1819(2011),low confidence,cas,cas,cas,"","Medveckï¿½, J et al (2012)","Medveckï¿½, J et al (2012)",Free
"",Slovakia,Slovakia,"","",8092,Helianthus annuus L,"",18301853,1830(1853),low confidence,cas,cas,cas,"","Medveckï¿½, J et al (2012)","Medveckï¿½, J et al (2012)",Free
"",Slovakia,Slovakia,"","",4858,Helianthus tuberosus L,"",18301956,1830(1956),low confidence,inv,inv,inv,"","Medveckï¿½, J et al (2012)","Medveckï¿½, J et al (2012)",Free
"",Slovakia,Slovakia,"","",16359,Helleborus viridis L,"",18551864,1855(1864),low confidence,cas ,cas ,cas ,"","Medveckï¿½, J et al (2012)","Medveckï¿½, J et al (2012)",Free
"",Slovakia,Slovakia,"","",9101,Hemerocallis fulva (L) L,"",17911876,1791(1876),low confidence,nat,nat,nat,"","Medveckï¿½, J et al (2012)","Medveckï¿½, J et al (2012)",Free
"",Hawaiian Islands,Hawaiian Islands,"","",27593,Hemiphyllodactylus typus,"",4002009,~400 (Kraus (2009)),low confidence,"","","","",Simpson et al (2018),Simpson et al (2018),Free
"",Slovakia,Slovakia,"","",16366,Hibiscus syriacus L,"",18112002,1811(2002),low confidence,cas,cas,cas,"","Medveckï¿½, J et al (2012)","Medveckï¿½, J et al (2012)",Free
"",Slovakia,Slovakia,"","",16367,Hippophae rhamnoides L,"",18902002,1890(2002),low confidence,cas,cas,cas,"","Medveckï¿½, J et al (2012)","Medveckï¿½, J et al (2012)",Free
"",Slovakia,Slovakia,"","",16375,Hyssopus officinalis L,"",18301919,1830(1919),low confidence,nat,nat,nat,"","Medveckï¿½, J et al (2012)","Medveckï¿½, J et al (2012)",Free
"",Slovakia,Slovakia,"","",16378,Ilex aquifolium L,"",18201982,1820(1982),low confidence,cas,cas,cas,"","Medveckï¿½, J et al (2012)","Medveckï¿½, J et al (2012)",Free
"",Slovakia,Slovakia,"","",16384,Irisï¿½sambucina L,"",18811936,1881(1936),low confidence,cas,cas,cas,"","Medveckï¿½, J et al (2012)","Medveckï¿½, J et al (2012)",Free
"",Slovakia,Slovakia,"","",9129,Juglans nigra L,"",17701984,1770(1984),low confidence,nat,nat,nat,"","Medveckï¿½, J et al (2012)","Medveckï¿½, J et al (2012)",Free
"",Slovakia,Slovakia,"","",9133,Kerria japonica (L) DC,"",19002000,1900(2000),low confidence,cas,cas,cas,"","Medveckï¿½, J et al (2012)","Medveckï¿½, J et al (2012)",Free
"",Slovakia,Slovakia,"","",9134,Koelreuteria paniculata Laxm,"",18501982,1850(1982),low confidence,cas,cas,cas,"","Medveckï¿½, J et al (2012)","Medveckï¿½, J et al (2012)",Free
"",Slovakia,Slovakia,"","",16398,Lathyrus odoratus L,"",18711931,1871(1931),low confidence,cas,cas,cas,"","Medveckï¿½, J et al (2012)","Medveckï¿½, J et al (2012)",Free
"",Slovakia,Slovakia,"","",16399,Lavandula angustifolia Mill,"",18301993,1830(1993),low confidence,cas,cas,cas,"","Medveckï¿½, J et al (2012)","Medveckï¿½, J et al (2012)",Free
"",Hawaiian Islands,Hawaiian Islands,"","",13374,Lepidodactylus lugubris,"",4002009,~400 (Kraus (2009)),low confidence,"","","","",Simpson et al (2018),Simpson et al (2018),Free
"",Slovakia,Slovakia,"","",9144,Ligustrum ovalifolium Hassk,"",19101999,1910(1999),low confidence,cas,cas,cas,"","Medveckï¿½, J et al (2012)","Medveckï¿½, J et al (2012)",Free
"",Slovakia,Slovakia,"","",16414,Liriodendron tulipifera L,"",17941960,1794(1960),low confidence,cas,cas,cas,"","Medveckï¿½, J et al (2012)","Medveckï¿½, J et al (2012)",Free
"",Slovakia,Slovakia,"","",16418,Lonicera maackii (Rupr) Maxim,"",19012005,1901(2005),low confidence,cas,cas,cas,"","Medveckï¿½, J et al (2012)","Medveckï¿½, J et al (2012)",Free
"",Slovakia,Slovakia,"","",16420,Lonicera tatarica L,"",18901931,1890(1931),low confidence,nat,nat,nat,"","Medveckï¿½, J et al (2012)","Medveckï¿½, J et al (2012)",Free
"",Slovakia,Slovakia,"","",9155,Lycium chinense Mill,"",19932005,1993(2005),low confidence,cas,cas,cas,"","Medveckï¿½, J et al (2012)","Medveckï¿½, J et al (2012)",Free
"",Slovakia,Slovakia,"","",15546,Lycopersicon esculentum Mill,"",18301956,1830(1956),low confidence,cas,cas,cas,"","Medveckï¿½, J et al (2012)","Medveckï¿½, J et al (2012)",Free
"",Slovakia,Slovakia,"","",16425,Macleaya cordata (Willd) R Br,"",19281938,1928(1938),low confidence,cas,cas,cas,"","Medveckï¿½, J et al (2012)","Medveckï¿½, J et al (2012)",Free
"",Slovakia,Slovakia,"","",16426,Maclura pomifera (Raf) C K Schneid,"",18471964,1847(1964),low confidence,cas,cas,cas,"","Medveckï¿½, J et al (2012)","Medveckï¿½, J et al (2012)",Free
"",Slovakia,Slovakia,"","",16427,Mahonia aquifolium (Pursh) Nutt,"",18951963,1895(1963),low confidence,nat,nat,nat,"","Medveckï¿½, J et al (2012)","Medveckï¿½, J et al (2012)",Free
"",Slovakia,Slovakia,"","",16428,Majorana hortensis Moench,"",18301956,1830(1956),low confidence,cas,cas,cas,"","Medveckï¿½, J et al (2012)","Medveckï¿½, J et al (2012)",Free
"",Slovakia,Slovakia,"","",16438,Melissa officinalis L,"",18301869,1830(1869),low confidence,cas,cas,cas,"","Medveckï¿½, J et al (2012)","Medveckï¿½, J et al (2012)",Free
"",Slovakia,Slovakia,"","",16442,Mentha spicata L subsp spicata,"",17911895,1791(1895),low confidence,cas,cas,cas,"","Medveckï¿½, J et al (2012)","Medveckï¿½, J et al (2012)",Free
"",Slovakia,Slovakia,"","",16440,Mentha ï¿½piperita L,"",18301956,1830(1956),low confidence,cas,cas,cas,"","Medveckï¿½, J et al (2012)","Medveckï¿½, J et al (2012)",Free
"",Slovakia,Slovakia,"","",16447,Metasequoia glyptrostroboides Hu et Cheng,"",19682011,1968(2011),low confidence,cas,cas,cas,"","Medveckï¿½, J et al (2012)","Medveckï¿½, J et al (2012)",Free
"",Slovakia,Slovakia,"","",16450,Mimulus moschatus Douglas ex Lindl,"",19972005,1997(2005),low confidence,cas,cas,cas,"","Medveckï¿½, J et al (2012)","Medveckï¿½, J et al (2012)",Free
"",Slovakia,Slovakia,"","",15114,Morus alba L,"",17201830,1720(1830),low confidence,nat,nat,nat,"","Medveckï¿½, J et al (2012)","Medveckï¿½, J et al (2012)",Free
"",Slovakia,Slovakia,"","",16456,Myrrhis odorata (L) Scop,"",162002,16c(2002),low confidence,cas,cas,cas,"","Medveckï¿½, J et al (2012)","Medveckï¿½, J et al (2012)",Free
"",Slovakia,Slovakia,"","",16459,Narcissus poeticus L,"",17911856,1791(1856),low confidence,cas,cas,cas,"","Medveckï¿½, J et al (2012)","Medveckï¿½, J et al (2012)",Free
"",Slovakia,Slovakia,"","",16460,Narcissus pseudonarcissus L,"",17911863,1791(1863),low confidence,cas,cas,cas,"","Medveckï¿½, J et al (2012)","Medveckï¿½, J et al (2012)",Free
"",Slovakia,Slovakia,"","",16461,Nepeta racemosa Lam,"",19972010,1997(2010),low confidence,cas,cas,cas,"","Medveckï¿½, J et al (2012)","Medveckï¿½, J et al (2012)",Free
"",Hungary,Hungary,"","",25573,Nymphaea lotus var Thermalis L,"",17981842,(1798)1842,low confidence,"","","","",Lukacs et al (2014),Lukacs et al (2014),Free
"",Slovakia,Slovakia,"","",8147,Oryza sativa L,"",172008,17c(2008),low confidence,cas,cas,cas,"","Medveckï¿½, J et al (2012)","Medveckï¿½, J et al (2012)",Free
"",Slovakia,Slovakia,"","",16485,Ostrya carpinifolia Scop,"",19032006,1903(2006),low confidence,cas,cas,cas,"","Medveckï¿½, J et al (2012)","Medveckï¿½, J et al (2012)",Free
"",Slovakia,Slovakia,"","",16490,"Oxalis latifolia Humb, Bonpl et Kunth","",19811987,1981(1987),low confidence,cas,cas,cas,"","Medveckï¿½, J et al (2012)","Medveckï¿½, J et al (2012)",Free
"",Slovakia,Slovakia,"","",16505,Parthenocissus tricuspidata (Siebold et Zucc) Planch,"",19001998,1900(1998),low confidence,cas,cas,cas,"","Medveckï¿½, J et al (2012)","Medveckï¿½, J et al (2012)",Free
"",Slovakia,Slovakia,"","",9241,Paulownia tomentosa (Thunb) Steud,"",18701988,1870(1988),low confidence,nat,nat,nat,"","Medveckï¿½, J et al (2012)","Medveckï¿½, J et al (2012)",Free
"",Slovakia,Slovakia,"","",16507,Petroselinum crispum (Mill) A W Hill,"",18301940,1830(1940),low confidence,cas,cas,cas,"","Medveckï¿½, J et al (2012)","Medveckï¿½, J et al (2012)",Free
"",Slovakia,Slovakia,"","",16510,Phaseolus coccineus L,"",18301919,1830(1919),low confidence,cas,cas,cas,"","Medveckï¿½, J et al (2012)","Medveckï¿½, J et al (2012)",Free
"",Slovakia,Slovakia,"","",16511,Phaseolus vulgaris L,"",18301920,1830(1920),low confidence,cas,cas,cas,"","Medveckï¿½, J et al (2012)","Medveckï¿½, J et al (2012)",Free
"",Slovakia,Slovakia,"","",16512,Philadelphus coronarius L,"",18471853,1847(1853),low confidence,cas,cas,cas,"","Medveckï¿½, J et al (2012)","Medveckï¿½, J et al (2012)",Free
"",Slovakia,Slovakia,"","",16513,Philadelphus latifolius Schrad,"",19852000,1985(2000),low confidence,cas,cas,cas,"","Medveckï¿½, J et al (2012)","Medveckï¿½, J et al (2012)",Free
"",Slovakia,Slovakia,"","",16515,Phlox subulata L,"",19852006,1985(2006),low confidence,cas,cas,cas,"","Medveckï¿½, J et al (2012)","Medveckï¿½, J et al (2012)",Free
"",Slovakia,Slovakia,"","",16516,Physalis franchetii Mast,"",19931996,1993(1996),low confidence,cas,cas,cas,"","Medveckï¿½, J et al (2012)","Medveckï¿½, J et al (2012)",Free
"",Slovakia,Slovakia,"","",9257,Physocarpus opulifolius (L) Maxim,"",18901931,1890(1931),low confidence,cas,cas,cas,"","Medveckï¿½, J et al (2012)","Medveckï¿½, J et al (2012)",Free
"",Slovakia,Slovakia,"","",16517,Picea orientalis (L) Link,"",18801967,1880(1967),low confidence,cas,cas,cas,"","Medveckï¿½, J et al (2012)","Medveckï¿½, J et al (2012)",Free
"",Slovakia,Slovakia,"","",16519,Pinus nigra J F Arnold,"",18001929,1800(1929),low confidence,nat,nat,nat,"","Medveckï¿½, J et al (2012)","Medveckï¿½, J et al (2012)",Free
"",Slovakia,Slovakia,"","",16520,Pinus peuce Grisebach,"",19081960,1908(1960),low confidence,cas,cas,cas,"","Medveckï¿½, J et al (2012)","Medveckï¿½, J et al (2012)",Free
"",Slovakia,Slovakia,"","",9261,Pinus strobus L,"",18001960,1800(1960),low confidence,nat,nat,nat,"","Medveckï¿½, J et al (2012)","Medveckï¿½, J et al (2012)",Free
"",Slovakia,Slovakia,"","",16526,Platanus occidentalis L,"",17701931,1770(1931),low confidence,cas,cas,cas,"","Medveckï¿½, J et al (2012)","Medveckï¿½, J et al (2012)",Free
"",Slovakia,Slovakia,"","",16527,Platanus orientalis L,"",17501995,1750(1995),low confidence,cas,cas,cas,"","Medveckï¿½, J et al (2012)","Medveckï¿½, J et al (2012)",Free
"",Slovakia,Slovakia,"","",16525,Platanus ï¿½hispanica Mï¿½nchh,"",17501984,1750(1984),low confidence,cas,cas,cas,"","Medveckï¿½, J et al (2012)","Medveckï¿½, J et al (2012)",Free
"",Slovakia,Slovakia,"","",9265,Platycladus orientalis (L) Franco,"",18001980,1800(1980),low confidence,cas,cas,cas,"","Medveckï¿½, J et al (2012)","Medveckï¿½, J et al (2012)",Free
"",Slovakia,Slovakia,"","",16529,Populus trichocarpa Torr et A Gray,"",19051960,1905(1960),low confidence,cas,cas,cas,"","Medveckï¿½, J et al (2012)","Medveckï¿½, J et al (2012)",Free
"",Slovakia,Slovakia,"","",9271,Populus ï¿½canadensis Moench,"",18001912,1800(1912),low confidence,nat,nat,nat,"","Medveckï¿½, J et al (2012)","Medveckï¿½, J et al (2012)",Free
"",Norway,Norway,"","",14012,Potentilla argyrophylla,"",1900-2000-1900,1900-2000 - 1900,low confidence,alien,alien,alien,"",GISD,GISD,Free
"",Slovakia,Slovakia,"","",16530,Potentilla fruticosa L,"",18902010,1890(2010),low confidence,cas,cas,cas,"","Medveckï¿½, J et al (2012)","Medveckï¿½, J et al (2012)",Free
"",Slovakia,Slovakia,"","",16533,Prunus cerasifera Ehrh,"",18901974,1890(1974),low confidence,nat,nat,nat,"","Medveckï¿½, J et al (2012)","Medveckï¿½, J et al (2012)",Free
"",Slovakia,Slovakia,"","",9277,Prunus laurocerasus L,"",18251982,1825(1982),low confidence,cas,cas,cas,"","Medveckï¿½, J et al (2012)","Medveckï¿½, J et al (2012)",Free
"",Slovakia,Slovakia,"","",9278,Prunus serotina Ehrh,"",19001976,1900(1976),low confidence,nat,nat,nat,"","Medveckï¿½, J et al (2012)","Medveckï¿½, J et al (2012)",Free
"",Slovakia,Slovakia,"","",16539,Prunus virginiana L,"",19001933,1900(1933),low confidence,cas,cas,cas,"","Medveckï¿½, J et al (2012)","Medveckï¿½, J et al (2012)",Free
"",Slovakia,Slovakia,"","",16541,Pseudotsuga menziesii (Mirb) Franco,"",18301860,1830(1860),low confidence,cas,cas,cas,"","Medveckï¿½, J et al (2012)","Medveckï¿½, J et al (2012)",Free
"",Slovakia,Slovakia,"","",16543,Pyracantha coccinea M Roem,"",18922002,1892(2002),low confidence,cas,cas,cas,"","Medveckï¿½, J et al (2012)","Medveckï¿½, J et al (2012)",Free
"",Slovakia,Slovakia,"","",9285,Quercus rubra L,"",18551982,1855(1982),low confidence,nat,nat,nat,"","Medveckï¿½, J et al (2012)","Medveckï¿½, J et al (2012)",Free
"",Slovakia,Slovakia,"","",16545,Raphanus sativus L,"",18301853,1830(1853),low confidence,cas,cas,cas,"","Medveckï¿½, J et al (2012)","Medveckï¿½, J et al (2012)",Free
"",Slovakia,Slovakia,"","",16550,Rheum rhabarbarum L,"",19801997,1980(1997),low confidence,cas,cas,cas,"","Medveckï¿½, J et al (2012)","Medveckï¿½, J et al (2012)",Free
"",Slovakia,Slovakia,"","",16551,Rhodotypos scandens (Thunb) Makino,"",19002002,1900(2002),low confidence,cas,cas,cas,"","Medveckï¿½, J et al (2012)","Medveckï¿½, J et al (2012)",Free
"",Slovakia,Slovakia,"","",9289,Rhus typhina L,"",191871,19c(1871),low confidence,cas,cas,cas,"","Medveckï¿½, J et al (2012)","Medveckï¿½, J et al (2012)",Free
"",Slovakia,Slovakia,"","",16552,Ribes aureum Pursh,"",18901926,1890(1926),low confidence,nat,nat,nat,"","Medveckï¿½, J et al (2012)","Medveckï¿½, J et al (2012)",Free
"",Slovakia,Slovakia,"","",16554,Ribes rubrum L,"",17911830,1791(1830),low confidence,nat,nat,nat,"","Medveckï¿½, J et al (2012)","Medveckï¿½, J et al (2012)",Free
"",Slovakia,Slovakia,"","",5010,Robinia pseudoacacia L,"",17201830,1720(1830),low confidence,inv,inv,inv,"","Medveckï¿½, J et al (2012)","Medveckï¿½, J et al (2012)",Free
"",Slovakia,Slovakia,"","",16560,Rosa rugosa Thunb,"",19921995,1992(1995),low confidence,cas,cas,cas,"","Medveckï¿½, J et al (2012)","Medveckï¿½, J et al (2012)",Free
"",Slovakia,Slovakia,"","",16566,Ruta graveolens L,"",18301853,1830(1853),low confidence,cas,cas,cas,"","Medveckï¿½, J et al (2012)","Medveckï¿½, J et al (2012)",Free
"",Chile,Chile,"","",4080,Scutellista cyanea,"",1931-19331936,"1931, 1933, 1936",low confidence,established,established,established,intentional,Silvia Rossinelli & Sven Bacher,Silvia Rossinelli & Sven Bacher,Permission required from Sven Bacher (svenbacher@unifrch)
"",United States,United States,"","",31350,Senecio linearifolius,"",202006,20 years before 2006,low confidence,"","","","",Simpson et al (2018),Simpson et al (2018),Free
"",Slovakia,Slovakia,"","",16581,Seseli rigidum Waldst et Kit,"",191966,19c(1966),low confidence,nat,nat,nat,"","Medveckï¿½, J et al (2012)","Medveckï¿½, J et al (2012)",Free
"",Germany,Germany,"","",14998,Shinnersia rivularis,freshwater,19923,1992/3,low confidence,Casual,Casual,Casual,"",Hussner et al (2010),Hussner et al (2010),Free
"",Slovakia,Slovakia,"","",1289,Silene pendula,"",18671967,1867(1967),low confidence,cas,cas,cas,"","Medveckï¿½, J et al (2012)","Medveckï¿½, J et al (2012)",Free
"",Slovakia,Slovakia,"","",16601,Solanum melongena L,"",19291993,1929(1993),low confidence,cas,cas,cas,"","Medveckï¿½, J et al (2012)","Medveckï¿½, J et al (2012)",Free
"",Slovakia,Slovakia,"","",16603,Solanum tuberosum L,"",18301923,1830(1923),low confidence,cas,cas,cas,"","Medveckï¿½, J et al (2012)","Medveckï¿½, J et al (2012)",Free
"",Slovakia,Slovakia,"","",16605,Sophora japonica L,"",18401986,1840(1986),low confidence,cas,cas,cas,"","Medveckï¿½, J et al (2012)","Medveckï¿½, J et al (2012)",Free
"",Slovakia,Slovakia,"","",16606,Sorbaria sorbifolia (L) A Braun,"",19302005,1930(2005),low confidence,cas,cas,cas,"","Medveckï¿½, J et al (2012)","Medveckï¿½, J et al (2012)",Free
"",Slovakia,Slovakia,"","",16607,Spinacia oleracea L,"",17911830,1791(1830),low confidence,cas,cas,cas,"","Medveckï¿½, J et al (2012)","Medveckï¿½, J et al (2012)",Free
"",Slovakia,Slovakia,"","",16611,Spiraea douglasii Hook,"",18901956,1890(1956),low confidence,cas,cas,cas,"","Medveckï¿½, J et al (2012)","Medveckï¿½, J et al (2012)",Free
"",Slovakia,Slovakia,"","",16609,Spiraea ï¿½vanhouttei (Briot) Zabel,"",19201931,1920(1931),low confidence,cas,cas,cas,"","Medveckï¿½, J et al (2012)","Medveckï¿½, J et al (2012)",Free
"",Slovakia,Slovakia,"","",16617,Symphoricarpos albus (L) S F Blake,"",191956,19c(1956),low confidence,cas,cas,cas,"","Medveckï¿½, J et al (2012)","Medveckï¿½, J et al (2012)",Free
"",Slovakia,Slovakia,"","",16618,Symphoricarpos orbiculatus Moench,"",18902005,1890(2005),low confidence,cas,cas,cas,"","Medveckï¿½, J et al (2012)","Medveckï¿½, J et al (2012)",Free
"",Slovakia,Slovakia,"","",9361,Syringa vulgaris L,"",16501830,1650(1830),low confidence,nat,nat,nat,"","Medveckï¿½, J et al (2012)","Medveckï¿½, J et al (2012)",Free
"",Slovakia,Slovakia,"","",16620,Tamarix gallica L,"",18471991,1847(1991),low confidence,cas,cas,cas,"","Medveckï¿½, J et al (2012)","Medveckï¿½, J et al (2012)",Free
"",Slovakia,Slovakia,"","",16626,Toxicodendron radicans (L) Kuntze,"",19802005,1980(2005),low confidence,cas,cas,cas,"","Medveckï¿½, J et al (2012)","Medveckï¿½, J et al (2012)",Free
"",Portugal (Madeira),Portugal (Madeira),"","",11132,Toxoptera aurantii Boyer de Fonscolombe 1841,"",1903-1914-1966,"1903, 1914 - 1966",low confidence,Established,Established,Established,"",DAISIE (updated by Helen Roy),DAISIE (updated by Helen Roy),Free
"",Slovakia,Slovakia,"","",16633,Trifolium incarnatum L,"",18501923,1850(1923),low confidence,cas,cas,cas,"","Medveckï¿½, J et al (2012)","Medveckï¿½, J et al (2012)",Free
"",Norway,Norway,"","",14653,Triticum spelta,"",1920-1980-1920,1920-1980 - 1920,low confidence,alien,alien,alien,"",GISD,GISD,Free
"",Slovakia,Slovakia,"","",9371,Tropaeolum majus L,"",19821997,1982(1997),low confidence,cas,cas,cas,"","Medveckï¿½, J et al (2012)","Medveckï¿½, J et al (2012)",Free
"",Slovakia,Slovakia,"","",16655,Viburnum carlesii Hemsl,"",19852000,1985(2000),low confidence,cas,cas,cas,"","Medveckï¿½, J et al (2012)","Medveckï¿½, J et al (2012)",Free
"",Slovakia,Slovakia,"","",16656,Viburnum rhytidophyllum Hemsl,"",19012005,1901(2005),low confidence,cas,cas,cas,"","Medveckï¿½, J et al (2012)","Medveckï¿½, J et al (2012)",Free
"",Slovakia,Slovakia,"","",16679,Xanthoceras sorbifolium Bunge,"",19882005,1988(2005),low confidence,cas,cas,cas,"","Medveckï¿½, J et al (2012)","Medveckï¿½, J et al (2012)",Free
"",Slovakia,Slovakia,"","",16680,Yucca filamentosa L,"",18901981,1890(1981),low confidence,cas,cas,cas,"","Medveckï¿½, J et al (2012)","Medveckï¿½, J et al (2012)",Free
"",Slovakia,Slovakia,"","",8210,Zea mays L,"",18301931,1830(1931),low confidence,cas,cas,cas,"","Medveckï¿½, J et al (2012)","Medveckï¿½, J et al (2012)",Free
