locationID,ISO3,ISO_1,country_code,location,location_var,gadm1_name,gadm1_var,island,gadm0_name,tdwg4_name,tdwg1,tdwg1_name,glonaf_country,adm_level,sinas_region
1,ABW,AW,AW,aruba,,aruba,,1,Aruba,Aruba,8,Southern America,Aruba,0,Central America and the Caribbean
2,AFG,AF,AF,afghanistan,,afghanistan,,0,Afghanistan,Afghanistan,3,Asia-Temperate,Afghanistan,0,Western Asia
3,AGO,AO,AO,angola,,angola,,0,Angola,Angola,2,Africa,Angola,0,Sub-Saharan Africa
4,AIA,AI,AI,anguilla,Anguilla Island,anguilla,,1,Anguilla,Anguilla,8,Southern America,Anguilla,0,Central America and the Caribbean
5,ALA,AX,AX,åland,Aland Islands; Åland Islands,åland,,1,Åland,,1,Europe,,0,Europe
6,ALB,AL,AL,albania,Western Palaearctic Region - Albania,albania,,0,Albania,Albania,1,Europe,Albania,0,Europe
7,AND,AD,AD,andorra,,andorra,,0,Andorra,,,Europe,,0,Europe
8,ANT,CW,CW,curaçao,Curaçao; Curacao; CuraÃ§ao I.; Curaçao I.; Curacao I.,curaçao,,1,Curaçao,Curacao,8,Southern America,Netherlands Antilles,0,Central America and the Caribbean
9,ANT,SX,SX,sint maarten,Sint Maarten (Dutch part); St Maarten (NL),sint maarten,,1,Sint Maarten,Netherlands Leeward Is.,8,Southern America,Netherlands Antilles,0,Central America and the Caribbean
10,ARE,AE,AE,united arab emirates,United Arab Em.; the United Arab Emirates,united arab emirates,,0,United Arab Emirates,United Arab Emirates,3,Asia-Temperate,United Arab Emirates (the),0,Saharo-Arabia
11,ARG,AR,AR,argentina,Argentina Distrito Federal; Argentina Northeast; Argentina Northwest; Argentina South,argentina,,0,Argentina,,8,Southern America,Argentina,0,Southern America
12,ARM,AM,AM,armenia,,armenia,,0,Armenia,Armenia,3,Asia-Temperate,Armenia,0,Western Asia
13,ASM,AS,AS,american samoa,,american samoa,,1,American Samoa,,6,Pacific,American Samoa,0,Pacific
14,ATA,AQ,AQ,antarctica,,antarctica,,0,Antarctica,Antarctica,9,Antarctic,Antarctica,0,Antarctic
15,ATF,TF,TF,crozet islands,Crozet; Crozet Islands Group; Crozet. Is; Îles Crozet; Crozet Is.,crozet islands,,1,French Southern Territories,,9,Antarctic,French Southern Territories (the),0,Antarctic
16,ATF,TF,TF,kerguelen islands,Kerguelen; Kerguelen Islands (France); Kerguelen Is.,kerguelen islands,,1,French Southern Territories,,9,Antarctic,French Southern Territories (the),0,Antarctic
17,ATF,TF,TF,scattered islands,Scattered; Îles Éparses; Glorioso Islands,scattered islands,,1,French Southern Territories,,9,Antarctic,French Southern Territories (the),0,Antarctic
18,ATF,TF,TF,st. paul island,St Paul I.,st. paul island,,1,French Southern Territories,,9,Antarctic,French Southern Territories (the),0,Antarctic
19,ATF,TF,TF,amsterdam island,Amsterdam I.,amsterdam island,,1,French Southern Territories,,9,Antarctic,French Southern Territories (the),0,Antarctic
20,AUS,AU,AU,australia,Eastern Australia; South Western Australia; North Western Australia; South Western Australia; Australasian Region - Australia,australia,,0,Australia,,5,Australasia,Australia,0,Australasia
21,AUS,AU,AU,tasmania,Australasian Region - Tasmania,tasmania,,1,Australia,Tasmania,5,Australasia,Australia,0,Australasia
22,AUT,AT,AT,austria,Western Palaearctic Region - Austria,austria,,0,Austria,,1,Europe,Austria,0,Europe
23,AZE,AZ,AZ,azerbaijan,,azerbaijan,,0,Azerbaijan,,,Asia-Temperate,,0,Western Asia
24,BDI,BI,BI,burundi,,burundi,,0,Burundi,Burundi,2,Africa,Burundi,0,Sub-Saharan Africa
25,BEL,BE,BE,belgium,,belgium,,0,Belgium,Belgium,1,Europe,Belgium,0,Europe
26,BEN,BJ,BJ,benin,,benin,,0,Benin,Benin,2,Africa,Benin,0,Sub-Saharan Africa
27,BES,BQ,BQ,bonaire,Bonaire (Netherlands),bonaire,,1,"Bonaire, Saint Eustatius and Saba",,,Southern America,,0,Central America and the Caribbean
28,BES,BQ,BQ,saba,,saba,,1,"Bonaire, Saint Eustatius and Saba",,,Southern America,,0,Central America and the Caribbean
29,BES,BQ,BQ,sint eustatius,,sint eustatius,,1,"Bonaire, Saint Eustatius and Saba",,,Southern America,,0,Central America and the Caribbean
30,BFA,BF,BF,burkina faso,Burkina,burkina faso,,0,Burkina Faso,Burkina Faso,2,Africa,Burkina Faso,0,Sub-Saharan Africa
31,BGD,BD,BD,bangladesh,,bangladesh,,0,Bangladesh,Bangladesh,4,Asia-Tropical,Bangladesh,0,Southern Asia
32,BGR,BG,BG,bulgaria,,bulgaria,,0,Bulgaria,Bulgaria,1,Europe,Bulgaria,0,Europe
33,BHR,BH,BH,bahrain,,bahrain,,0,Bahrain,,3,Asia-Temperate,,0,Saharo-Arabia
34,BHS,BS,BS,bahamas,"Bahamas (the); Bahamas, The",bahamas,,1,Bahamas,Bahamas,8,Southern America,Bahamas (the),0,Central America and the Caribbean
35,BIH,BA,BA,bosnia and herzegovina,Bosnia-Herzegovina; Bosnia and Herz.; Bosnia Herzegovina; Bosnia Herzegov.,bosnia and herzegovina,,0,Bosnia and Herzegovina,,,Europe,,0,Europe
36,BLM,BL,BL,saint-barthélemy,St Barthélemy; St. Barthélemy; Saint-Barthélemy; Barthelemy; Saint Barthelemy; Saint Barthélemy,saint-barthélemy,,1,Saint-Barthélemy,St. Martin-St. Barthelemy,8,Southern America,Saint Barthelemy,0,Central America and the Caribbean
37,BLR,BY,BY,belarus,Western Palaearctic Region - Belarus,belarus,,0,Belarus,Belarus,1,Europe,Belarus,0,Europe
38,BLZ,BZ,BZ,belize,,belize,,0,Belize,Belize,8,Southern America,Belize,0,Central America and the Caribbean
39,BMU,BM,BM,bermuda,Bermuda (United Kingdom),bermuda,,1,Bermuda,Bermuda,8,Southern America,Bermuda,0,Central America and the Caribbean
40,BOL,BO,BO,bolivia,"Bolivia (Plurinational State of); Bolivia, Plurinational State of; Bolivia, Plurinational States of",bolivia,,0,Bolivia,,8,Southern America,Bolivia (Plurinational State of),0,Southern America
41,BRA,BR,BR,brazil,Brazil North; Brazil Northeast; Brazil West-Central; Brazil Southeast; Brazil South; Southeastern Brazil; Neotropical Region - Brazil,brazil,,0,Brazil,,8,Southern America,Brazil,0,Southern America
42,BRB,BB,BB,barbados,,barbados,,1,Barbados,Barbados,8,Southern America,Barbados,0,Central America and the Caribbean
43,BRN,BN,BN,brunei,Brunei Darussalam; Brunei Darsm,brunei,,0,Brunei,,,Asia-Tropical,,0,Southern Asia
44,BTN,BT,BT,bhutan,,bhutan,,0,Bhutan,,,Asia-Tropical,,0,Southern Asia
45,BVT,BV,BV,bouvet island,,bouvet island,,1,Bouvet Island,,,Antarctic,,0,Antarctic
46,BWA,BW,BW,botswana,,botswana,,0,Botswana,Botswana,2,Africa,Botswana,0,Sub-Saharan Africa
47,CAF,CF,CF,central african republic,Central African Rep.; Central African Repu; Central Afr. Rp,central african republic,,0,Central African Republic,Central African Republic,2,Africa,Central African Republic (the),0,Sub-Saharan Africa
48,CAN,CA,CA,canada,Western Canada; Eastern Canada; Upper Canada; Lower Canada; Nearctic Region - Eastern Canada; Nearctic Region - Western Canada,canada,,0,Canada,,7,Northern America,Canada,0,Northern America
49,CCK,CC,CC,cocos islands,Keeling; Cocos (Keeling) Islands; Cocos Is. (Keel); Cocos (Keeling) Is.; Cocos-Keeling Island,cocos islands,,1,Cocos Islands,,4,Asia-Tropical,Cocos (Keeling) Islands (the),0,Southern Asia
50,CHE,CH,CH,switzerland,Western Palaearctic Region - Switzerland,switzerland,,0,Switzerland,Switzerland,1,Europe,Switzerland,0,Europe
51,CHL,CL,CL,chile,Chile North; Chile_n; Chile South; Chile_s; Chile Central; Chile_c; Chile_nc,chile,,0,Chile,,8,Southern America,Chile,0,Southern America
52,CHN,CN,CN,china,China North-Central; China Southeast; China North-Central; China South-Central; Eastern Palaearctic Region - China; Eastern Palaearctic Region - China North-Central; Eastern Palaearctic Region - China South-Central; Oriental Region - China; Oriental Region - China South-Central; Oriental Region - China Southeast,china,,0,China,,3,Asia-Temperate,China,0,Eastern Asia
53,CIV,CI,CI,côte d'ivoire,Cote D'Ivoire; Cote d'Ivoire; Ivory Coast; Côte D'ivoire; C“te d'Ivoire; Cote d'Ivore; Cote dIvoire,côte d'ivoire,,0,Côte d'Ivoire,Cote d'Ivoire,2,Africa,Côte d'Ivoire,0,Sub-Saharan Africa
54,CMR,CM,CM,cameroon,,cameroon,,0,Cameroon,Cameroon,2,Africa,Cameroon,0,Sub-Saharan Africa
55,COD,CD,CD,democratic republic of the congo,"Congo, Democratic Republic of; Congo (the Democratic Republic of the); Congo, Democratic Republic of the; DR Congo; Democratic Republic of Congo; Congo, Dem. Rep.; Dem. Rep. Congo; Congo Dem Rp; Congo, the Democratic Republic of the; Congo, Republic of the",democratic republic of the congo,,0,Democratic Republic of the Congo,Democratic Republic of the Congo,2,Africa,Congo (the Democratic Republic of the),0,Sub-Saharan Africa
56,COG,CG,CG,republic of the congo,"Republic of Congo; Congo, Republic of; Congo, Rep.; Congo",republic of the congo,,0,Republic of Congo,Congo,2,Africa,Congo (the),0,Sub-Saharan Africa
57,COK,CK,CK,cook islands,Cook Is.; Cook Isds; Cook Is.,cook islands,,1,Cook Islands,,6,Pacific,Cook Islands (the),0,Pacific
58,COL,CO,CO,colombia,Neotropical Region - Colombia,colombia,,0,Colombia,Colombia,8,Southern America,Colombia,0,Southern America
59,COM,KM,KM,comoros,,comoros,,1,Comoros,Comoros,2,Africa,Comoros (the),0,Sub-Saharan Africa
60,CPV,CV,CV,cape verde,Cabo Verde; Cape Verde Islands; Cape Verde archipelago,cape verde,,1,Cabo Verde,Cape Verde,2,Africa,Cabo Verde,0,Sub-Saharan Africa
61,CRI,CR,CR,costa rica,Cocos I. (C.R.); Cocos Island (Costa Rica); Neotropical Region - Costa Rica,costa rica,,0,Costa Rica,Costa Rica,8,Southern America,Costa Rica,0,Central America and the Caribbean
62,CUB,CU,CU,cuba,Neotropical Region - Cuba,cuba,,1,Cuba,Cuba,8,Southern America,Cuba,0,Central America and the Caribbean
63,CXR,CX,CX,christmas island,Christmas I.,christmas island,,1,Christmas Island,Christmas Island,4,Asia-Tropical,Christmas Island,0,Southern Asia
64,CYM,KY,KY,cayman islands,Cayman Islands; Cayman Islands (USA); Cayman Is.,cayman islands,,1,Cayman Islands,Cayman Islands,8,Southern America,Cayman Islands (the),0,Central America and the Caribbean
65,CYP,CY,CY,cyprus,,cyprus,,1,Cyprus,Cyprus,3,Asia-Temperate,Cyprus,0,Western Asia
66,CZE,CZ,CZ,czech republic,Czechia; Czech Rep.; the Czech Republic,czech republic,,0,Czechia,Czech Republic,1,Europe,Czech Republic (the),0,Europe
67,DEU,DE,DE,germany,,germany,,0,Germany,,1,Europe,Germany,0,Europe
68,DJI,DJ,DJ,djibouti,,djibouti,,0,Djibouti,Djibouti,2,Africa,Djibouti,0,Sub-Saharan Africa
69,DMA,DM,DM,dominica,,dominica,,1,Dominica,Dominica,8,Southern America,Dominica,0,Central America and the Caribbean
70,DNK,DK,DK,denmark,,denmark,,0,Denmark,Denmark,1,Europe,Denmark,0,Europe
71,DOM,DO,FR,dominican republic,Dominican Rep.; Dominican Rp; the Dominican Republic,dominican republic,,1,Dominican Republic,Dominican Republic,8,Southern America,Dominican Republic (the),0,Central America and the Caribbean
72,DZA,DZ,DZ,algeria,,algeria,,0,Algeria,Algeria,2,Africa,Algeria,0,Saharo-Arabia
73,ECU,EC,EC,ecuador,,ecuador,,0,Ecuador,,8,Southern America,Ecuador,0,Southern America
74,ECU,EC,EC,galapagos,Galápagos; Galapagos Islands; Española; Fernandina; Floreana; Genovesa; Isabela; Pinta; Pinzón; San Cristóbal; Santa Cruz (Galapagos); Santa Fé; Santiago; Ecuador (Galapagos); Galapagos Is.; GalÃ¡pagos; Galápagos; Santa Cruz Is.;  Galapagos Islands,galapagos,,1,Ecuador,,8,Southern America,Ecuador,0,Southern America
75,EGY,EG,EG,egypt,"Egypt, Arab Rep.; Western Palaearctic Region - Egypt",egypt,,0,Egypt,Egypt,2,Africa,Egypt,0,Saharo-Arabia
76,ERI,ER,ER,eritrea,,eritrea,,0,Eritrea,Eritrea,2,Africa,Eritrea,0,Sub-Saharan Africa
77,ESH,EH,EH,western sahara,Western Sahara*; West Sahara,western sahara,,0,Western Sahara,Western Sahara,2,Africa,Western Sahara,0,Saharo-Arabia
78,ESP,ES,ES,balearic islands,Islas Baleares; Balearen; Balear; Spain (Balearic islands); Baleares,balearic islands,,1,Spain,Balearic Islands,1,Europe,Spain,0,Europe
79,ESP,ES,ES,canary islands,El Hierro; Fuerteventura; Gran Canaria; La Gomera; La Palma; Lanzarote; Tenerife; Spain (Canary islands); Canary Islands (Spain); Canarias; Islas Canarias; Canárias; Canary Is.,canary islands,,1,Spain,Canary Islands,2,Africa,Spain,0,Sub-Saharan Africa
80,ESP,ES,ES,spain,Spain (mainland),spain,,0,Spain,Spain (mainland),1,Europe,Spain,0,Europe
81,EST,EE,EE,estonia,,estonia,,0,Estonia,Estonia,1,Europe,Estonia,0,Europe
82,ETH,ET,ET,ethiopia,Western Palaearctic Region - Ethiopia,ethiopia,,0,Ethiopia,Ethiopia,2,Africa,Ethiopia,0,Sub-Saharan Africa
83,FIN,FI,FI,finland,,finland,,0,Finland,Finland,1,Europe,Finland,0,Europe
84,FJI,FJ,FJ,fiji,Fiji Island,fiji,,1,Fiji,,6,Pacific,Fiji,0,Pacific
85,FLK,FK,FK,falkland islands,Malvinas; Falkland Islands (United Kingdom); Falkland Is.; Falkland Islands (Malvinas),falkland islands,,1,Falkland Islands,,,Antarctic,,0,Antarctic
86,FRA,FR,SA,france,Western Palaearctic Region - France,france,,0,France,France (mainland),1,Europe,France,0,Europe
87,FRO,FO,FO,faroe islands,Faroe; Faeroe Isds; Faeroe Is.,faroe islands,,1,Faroe Islands,Faroe Islands,1,Europe,Faroe Islands (the),0,Europe
88,FSM,FM,FM,micronesia,"Micronesia (Federated States of); Micronesia; Federated States of Micronesia; Chuuk; Pohnpei; Micronesia, Fed. Sts.; FS Micronesia; Micronesia (the Federated States of); MICRONESIA, FEDERATED STATES OF",micronesia,,1,Micronesia,,6,Pacific,,0,Pacific
89,GAB,GA,GA,gabon,,gabon,,0,Gabon,Gabon,2,Africa,Gabon,0,Sub-Saharan Africa
90,GBR,GB,GB,shetland islands,,shetland islands,,1,United Kingdom of Great Britain and Northern Ireland (the),,1,Europe,United Kingdom of Great Britain and Northern Ireland (the),0,Europe
91,GBR,GB,GB,united kingdom,United Kingdom; UK; the United Kingdom; Western Palaearctic Region - United Kingdom; United Kingdom of Great Britain and Northern Ireland (the); United Kingdom of Great Britain and Northern Ireland,united kingdom,,1,United Kingdom of Great Britain and Northern Ireland (the),,1,Europe,United Kingdom of Great Britain and Northern Ireland (the),0,Europe
92,GEO,GE,GE,georgia,Georgia_Europe(country),georgia,,0,Georgia,Georgia,3,Asia-Temperate,Georgia,0,Western Asia
93,GGY,GG,GG,guernsey,,guernsey,,1,Guernsey,,,Europe,,0,Europe
94,GHA,GH,GH,ghana,,ghana,,0,Ghana,Ghana,2,Africa,Ghana,0,Sub-Saharan Africa
95,GIB,GI,GI,gibraltar,,gibraltar,,0,Gibraltar,,,Europe,,0,Europe
96,GIN,GN,GN,guinea,,guinea,,0,Guinea,Guinea,2,Africa,Guinea,0,Sub-Saharan Africa
97,GLP,GP,GP,guadeloupe,Guadalupe Island; Guadeloupe (France); Guadalupe I.,guadeloupe,,1,Guadeloupe,,8,Southern America,Guadeloupe,0,Central America and the Caribbean
98,GMB,GM,GM,gambia,"Gambia, The",gambia,,0,Gambia,Gambia,2,Africa,Gambia (the),0,Sub-Saharan Africa
99,GNB,GW,GW,guinea-bissau,Guinea Bissau,guinea-bissau,,0,Guinea-Bissau,,2,Africa,Guinea-Bissau,0,Sub-Saharan Africa
100,GNQ,GQ,GQ,equatorial guinea,Eq. Guinea; Eq Guinea,equatorial guinea,,0,Equatorial Guinea,Equatorial Guinea,2,Africa,Equatorial Guinea,0,Sub-Saharan Africa
101,GRC,GR,GR,aegean,Aegean Islands; Aegean Islands; East Aegean Is.,aegean,,1,Greece,Greece,1,Europe,Greece,0,Europe
102,GRC,GR,GR,crete,,crete,,1,Greece,Greece,1,Europe,Greece,0,Europe
103,GRC,GR,GR,greece,,greece,,0,Greece,Greece,1,Europe,Greece,0,Europe
104,GRD,GD,GD,grenada,,grenada,,1,Grenada,Grenada,8,Southern America,Grenada,0,Central America and the Caribbean
105,GRL,GL,GL,greenland,,greenland,,1,Greenland,Greenland,7,Northern America,Greenland,0,Northern America
106,GTM,GT,GT,guatemala,,guatemala,,0,Guatemala,,,Southern America,,0,Central America and the Caribbean
107,GUF,GF,GF,french guiana,French Guiana (France),french guiana,,0,French Guiana,French Guiana,8,Southern America,French Guiana,0,Southern America
108,GUM,GU,GU,guam,Guam (USA),guam,,1,Guam,Guam,6,Pacific,Guam,0,Pacific
109,GUY,GY,GY,guyana,,guyana,,0,Guyana,Guyana,8,Southern America,Guyana,0,Southern America
110,HKG,HK,HK,hong kong,"Hongkong; Hong Kong (China); Hong Kong SAR, China; China, Hong Kong SAR",hong kong,,0,Hong Kong,Hongkong,3,Asia-Temperate,Hong Kong,0,Eastern Asia
111,HMD,HM,HM,heard island and mcdonald island,Heard-McDonald Islands; Heard-McDonald Is.; Heard and Mcdonald Islands; Heard Island and McDonald Islands,heard island and mcdonald island,,1,Heard Island and McDonald Islands,,9,Antarctic,Heard Island and McDonald Islands,0,Antarctic
112,HND,HN,HN,honduras,Neotropical Region - Honduras,honduras,,0,Honduras,,,Southern America,,0,Central America and the Caribbean
113,HRV,HR,HR,croatia,,croatia,,0,Croatia,Croatia,1,Europe,Croatia,0,Europe
114,HTI,HT,HT,haiti,,haiti,,1,Haiti,,8,Southern America,Haiti,0,Central America and the Caribbean
115,HUN,HU,HU,hungary,Western Palaearctic Region - Hungary,hungary,,0,Hungary,Hungary,1,Europe,Hungary,0,Europe
116,IDN,ID,ID,indonesia,Sumatra (Indonesia); Sumatra; Sulawesi; Java; Sumatera,indonesia,,1,Indonesia,Indonesia,4,Asia-Tropical,Indonesia,0,Southern Asia
117,IMN,IM,IM,isle of man,Isle of Man (United Kingdom),isle of man,,1,Isle of Man,,,Europe,,0,Europe
118,IND,IN,IN,india,Oriental Region - India,india,,0,India,,4,Asia-Tropical,India,0,Southern Asia
119,IND,IN,IN,nicobar and andaman islands,Andaman; Nicobar; Nicobar and Andaman; Andaman and Nicobar Islands; Nicobar Is.; Andaman Is; Andaman and Nicobar; Andaman & Nicobar Islands; Andama; Andaman Is.; Adaman and Nicobar Islands,nicobar and andaman islands,,1,India,,4,Asia-Tropical,India,0,Southern Asia
120,IOT,IO,IO,chagos archipelago,Chagos; Chagos Is.,chagos archipelago,,1,British Indian Ocean Territory,,4,Asia-Tropical,,0,Southern Asia
121,IRL,IE,IE,ireland,,ireland,,1,Ireland,Ireland,1,Europe,Ireland,0,Europe
122,IRN,IR,IR,iran,"Iran, Islamic Republic of; Iran (Islamic Republic of); Iran, Islamic Rep.; Western Palaearctic Region - Iran",iran,,0,Iran,Iran (Islamic Republic of),3,Asia-Temperate,Iran (Islamic Republic of),0,Western Asia
123,IRQ,IQ,IQ,iraq,,iraq,,0,Iraq,,,Asia-Temperate,,0,Saharo-Arabia
124,ISL,IS,IS,iceland,,iceland,,1,Iceland,,1,Europe,Iceland,0,Europe
125,ISR,IL,IL,israel,,israel,,0,Israel,Israel,3,Asia-Temperate,Israel,0,Saharo-Arabia
126,ITA,IT,IT,italy,Western Palaearctic Region - Italy,italy,,0,Italy,Italy (mainland),1,Europe,Italy,0,Europe
127,ITA,IT,IT,sardinia,Italy (Sardinia); Sardinia (Italy); Sardegna; Cerdeña; Sardenha,sardinia,,1,Italy,Sardinia,1,Europe,Italy,0,Europe
128,ITA,IT,IT,sicily,Italy (Sicily); Sicilia; Sicilia (Sicily); Western Palaearctic Region - Sicilia (Sicily),sicily,,1,Italy,Sicily,1,Europe,Italy,0,Europe
129,JAM,JM,JM,jamaica,,jamaica,,1,Jamaica,Jamaica,8,Southern America,Jamaica,0,Central America and the Caribbean
130,JEY,JE,JE,jersey,,jersey,,1,Jersey,,,Europe,,0,Europe
131,JOR,JO,JO,jordan,,jordan,,0,Jordan,,,Asia-Temperate,,0,Saharo-Arabia
132,JPN,JP,JP,japan,Eastern Palaearctic Region - Japan,japan,,1,Japan,Japan,3,Asia-Temperate,Japan,0,Eastern Asia
133,KAZ,KZ,KZ,kazakhstan,,kazakhstan,,0,Kazakhstan,,,Asia-Temperate,,0,Western Asia
134,KEN,KE,KE,kenya,Afrotropical Region - Kenya,kenya,,0,Kenya,Kenya,2,Africa,Kenya,0,Sub-Saharan Africa
135,KGZ,KG,KG,kyrgyzstan,Kyrgyz Republic; Kirgizstan; Kirgizistan,kyrgyzstan,,0,Kyrgyzstan,Kyrgyzstan,3,Asia-Temperate,Kyrgyzstan,0,Western Asia
136,KHM,KH,KH,cambodia,,cambodia,,0,Cambodia,,,Asia-Tropical,,0,Southern Asia
137,KIR,KI,KI,kiribati,,kiribati,,1,Kiribati,,6,Pacific,Kiribati,0,Pacific
138,KNA,KN,KN,saint kitts and nevis,St. Kitts and Nevis; St Kitts and Nevis; St Kitts Nevis; St Kitts-Nevis,saint kitts and nevis,,1,Saint Kitts and Nevis,,8,Southern America,Saint Kitts and Nevis,0,Central America and the Caribbean
139,KOR,KR,KR,south korea,"Korea, Republic of; Republic of Korea; Korea (the Republic of); Jeju Island; Korea (Republic of); Korea, Rep.; Rep. of Korea; Korea (South); Korea, Republic; the Republic of Korea",south korea,,0,South Korea,"Korea, Republic of",3,Asia-Temperate,Korea (the Republic of),0,Eastern Asia
140,KWT,KW,KW,kuwait,,kuwait,,0,Kuwait,,,Asia-Temperate,,0,Saharo-Arabia
141,LAO,LA,LA,laos,Lao People's Democratic Republic; Lao PDR; Lao People's Dem. Rep.,laos,,0,Laos,Lao People's Democratic Republic,4,Asia-Tropical,Lao People's Democratic Republic (the),0,Southern Asia
142,LBN,LB,LB,lebanon,,lebanon,,0,Lebanon,,,Asia-Temperate,,0,Saharo-Arabia
143,LBR,LR,LR,liberia,,liberia,,0,Liberia,Liberia,2,Africa,Liberia,0,Sub-Saharan Africa
144,LBY,LY,LY,libya,LIBYAN ARAB JAMAHIRIYA,libya,,0,Libya,Libyan Arab Jamahiriya,2,Africa,Libya,0,Saharo-Arabia
145,LCA,LC,LC,saint lucia,St Lucia; St. Lucia,saint lucia,,1,Saint Lucia,Saint Lucia,8,Southern America,Saint Lucia,0,Central America and the Caribbean
146,LIE,LI,LI,liechtenstein,,liechtenstein,,0,Liechtenstein,Liechtenstein,1,Europe,Liechtenstein,0,Europe
147,LKA,LK,LK,sri lanka,Oriental Region - Sri Lanka,sri lanka,,1,Sri Lanka,Sri Lanka,4,Asia-Tropical,Sri Lanka,0,Southern Asia
148,LSO,LS,LS,lesotho,,lesotho,,0,Lesotho,Lesotho,2,Africa,Lesotho,0,Sub-Saharan Africa
149,LTU,LT,LT,lithuania,,lithuania,,0,Lithuania,Lithuania,1,Europe,Lithuania,0,Europe
150,LUX,LU,LU,luxembourg,,luxembourg,,0,Luxembourg,Luxembourg,1,Europe,Luxembourg,0,Europe
151,LVA,LV,LV,latvia,,latvia,,0,Latvia,Latvia,1,Europe,Latvia,0,Europe
152,MAC,MO,DI,macao,"Macao SAR, China; China, Macao SAR; Macau",macao,,0,Macao,Macau,3,Asia-Temperate,Macao,0,Eastern Asia
153,MAF,MF,MF,saint-martin,St Martin; St. Martin; Saint-Martin; St. Martin (French part); Saint Martin (French part); St Martin (FR); Saint Martin,saint-martin,,1,Saint-Martin,St. Martin-St. Barthelemy,8,Southern America,,0,Central America and the Caribbean
154,MAR,MA,MA,morocco,,morocco,,0,Morocco,Morocco,2,Africa,Morocco,0,Saharo-Arabia
155,MCO,MC,MC,monaco,,monaco,,0,Monaco,,,Europe,,0,Europe
156,MDA,MD,MD,moldova,"Moldova, Republic of; Republic of Moldova; Moldova (the Republic of); Rep. of Moldova",moldova,,0,Moldova,Republic of Moldova,1,Europe,Moldova (the Republic of),0,Europe
157,MDG,MG,MG,madagascar,Afrotropical Region - Madagascar,madagascar,,1,Madagascar,Madagascar,2,Africa,Madagascar,0,Sub-Saharan Africa
158,MDV,MV,MV,maldives,Maldive Islands,maldives,,1,Maldives,Maldives,4,Asia-Tropical,Maldives,0,Southern Asia
159,MEX,MX,MX,mexico,Rocas Alijos; Mexico Gulf; México; Mexico Southeast; Mexico Northwest; Mexico Central; Mexico Southwest; Mexico Northeast; Mexico Northeast; Neotropical Region - Mexico; Neotropical Region - Mexico Southwest,mexico,,0,Mexico,,7,Northern America,Mexico,0,Northern America
160,MHL,MH,MH,marshall islands,Marshall Is.,marshall islands,,1,Marshall Islands,,6,Pacific,Marshall Islands (the),0,Pacific
161,MKD,MK,MK,north macedonia,"Macedonia (the former Yugoslav Republic of); MACEDONIA, THE FORMER YUGOSLAV REPUBLIC OF; Macedonia",north macedonia,,0,Macedonia,The former Yugoslav Republic of Macedonia,1,Europe,Macedonia (the former Yugoslav Republic of),0,Europe
162,MLI,ML,ML,mali,,mali,,0,Mali,Mali,2,Africa,Mali,0,Sub-Saharan Africa
163,MLT,MT,MT,malta,,malta,,1,Malta,Malta,1,Europe,Malta,0,Europe
164,MMR,MM,MM,myanmar,Burma; Birma,myanmar,,0,Myanmar,,4,Asia-Tropical,,0,Southern Asia
165,MNE,ME,ME,montenegro,,montenegro,,0,Montenegro,,,Europe,,0,Europe
166,MNG,MN,MN,mongolia,Eastern Palaearctic Region - Mongolia,mongolia,,0,Mongolia,Mongolia,3,Asia-Temperate,Mongolia,0,Eastern Asia
167,MNP,MP,MP,northern mariana islands,Northern Mariana Islands (USA); North. Marianas; Marianas; Mariana Islands,northern mariana islands,,1,Northern Mariana Islands,,6,Pacific,Northern Mariana Islands (the),0,Pacific
168,MOZ,MZ,MZ,mozambique,,mozambique,,0,Mozambique,,2,Africa,Mozambique,0,Sub-Saharan Africa
169,MRT,MR,MR,mauritania,,mauritania,,0,Mauritania,Mauritania,2,Africa,Mauritania,0,Sub-Saharan Africa
170,MSR,MS,MS,montserrat,Montserrat (United Kingdom),montserrat,,1,Montserrat,Montserrat,8,Southern America,Montserrat,0,Central America and the Caribbean
171,MTQ,MQ,MQ,martinique,Martinique (France),martinique,,1,Martinique,Martinique,8,Southern America,Martinique,0,Central America and the Caribbean
172,MUS,MU,MU,mauritius,Round Island (Mauritius),mauritius,,1,Mauritius,,2,Africa,Mauritius,0,Sub-Saharan Africa
173,MUS,MU,MU,rodriguez island,Rodriguez I.; Rodrigues; Rodriguez; île Rodrigues,rodriguez island,,1,Mauritius,,2,Africa,Mauritius,0,Sub-Saharan Africa
174,MWI,MW,MW,malawi,,malawi,,0,Malawi,Malawi,2,Africa,Malawi,0,Sub-Saharan Africa
175,MYS,MY,MY,malaysia,,malaysia,,0,Malaysia,,4,Asia-Tropical,Malaysia,0,Southern Asia
176,MYT,YT,YT,mayotte,Mayotte (Overseas France),mayotte,,1,Mayotte,Mayotte,2,Africa,Mayotte,0,Sub-Saharan Africa
177,NAM,,,namibia,,namibia,,0,Namibia,Namibia,2,Africa,Namibia,0,Sub-Saharan Africa
178,NCL,NC,NC,new caledonia,New Caledonia (France),new caledonia,,1,New Caledonia,New Caledonia,6,Pacific,New Caledonia,0,Pacific
179,NER,NE,NE,niger,,niger,,0,Niger,Niger,2,Africa,Niger (the),0,Sub-Saharan Africa
180,NFK,NF,NF,norfolk island,Norfolk Islands; Norfolk I.; Norfolk; Norfolk Is.,norfolk island,,1,Norfolk Island,Norfolk Island,5,Australasia,Norfolk Island,0,Australasia
181,NGA,NG,NG,nigeria,,nigeria,,0,Nigeria,Nigeria,2,Africa,Nigeria,0,Sub-Saharan Africa
182,NIC,NI,NI,nicaragua,Neotropical Region - Nicaragua,nicaragua,,0,Nicaragua,Nicaragua,8,Southern America,Nicaragua,0,Central America and the Caribbean
183,NIU,NU,NU,niue,,niue,,1,Niue,,6,Pacific,,0,Pacific
184,NLD,NL,NL,netherlands,,netherlands,,0,Netherlands,Netherlands,1,Europe,Netherlands (the),0,Europe
185,NOR,NO,NO,norway,,norway,,0,Norway,Norway (mainland),1,Europe,Norway,0,Europe
186,NPL,NP,NP,nepal,,nepal,,0,Nepal,Nepal,4,Asia-Tropical,Nepal,0,Southern Asia
187,NRU,NR,NR,nauru,,nauru,,1,Nauru,Nauru,6,Pacific,Nauru,0,Pacific
188,NZL,NZ,NZ,new zealand,New Zealand North; New Zealand South; Northeastern New Zealand; Northern New Zealand; Australasian Region - New Zealand,new zealand,,1,New Zealand,New Zealand,5,Australasia,New Zealand,0,Australasia
189,OMN,OM,OM,oman,,oman,,0,Oman,Oman,3,Asia-Temperate,Oman,0,Saharo-Arabia
190,PAK,PK,PK,pakistan,Oriental Region - Pakistan,pakistan,,0,Pakistan,,,Asia-Temperate,,0,Southern Asia
191,PAN,PA,PA,panama,Panamá; PanamÃ¡,panama,,0,Panama,Panama,8,Southern America,Panama,0,Central America and the Caribbean
192,PCN,PN,PN,pitcairn islands,Pitcairn Islands; Pitcairn Islands (United Kingdom); Pitcairn Is.; Pitcairn,pitcairn islands,,1,Pitcairn Islands,,6,Pacific,Pitcairn,0,Pacific
193,PER,PE,PE,peru,Neotropical Region - Peru,peru,,0,Peru,Peru,8,Southern America,Peru,0,Southern America
194,PHL,PH,PH,philippines,,philippines,,1,Philippines,Philippines,4,Asia-Tropical,Philippines (the),0,Southern Asia
195,PLW,PW,PW,palau,,palau,,1,Palau,,,Pacific,,0,Pacific
196,PNG,PG,PG,papua new guinea,New Guinea; Australasian Region - New Guinea,papua new guinea,,1,Papua New Guinea,Papua New Guinea,4,Asia-Tropical,Papua New Guinea,0,Southern Asia
197,POL,PL,PL,poland,,poland,,0,Poland,Poland,1,Europe,Poland,0,Europe
198,PRI,PR,PR,puerto rico,,puerto rico,,1,Puerto Rico,Puerto Rico,8,Southern America,Puerto Rico,0,Central America and the Caribbean
199,PRK,KP,KP,north korea,"Korea, Democratic People's Republic of; Democratic Republic of Korea; Korea (the Democratic People's Republic of); KOREA, DEMOCRATIC PEOPLE'S REPUBLIC OF; Korea, Dem. People’s Rep.; Korea, Dem. People's Rep.; Korea (North); Korea Dem. People's Republic; Korea (Democratic People's Republic of)",north korea,,0,North Korea,"Korea, Democratic People's Republic of",3,Asia-Temperate,Korea (the Democratic People's Republic of),0,Eastern Asia
200,PRT,PT,PT,azores,Portugal (Azores); Açores; Azores Islands; Azores Is.,azores,,1,Portugal,,2,Africa,Portugal,0,Sub-Saharan Africa
201,PRT,PT,PT,madeira,Portugal (Madeira); Madeira Is.; Madeira Islands,madeira,,1,Portugal,Madeira,2,Africa,Portugal,0,Sub-Saharan Africa
202,PRT,PT,PT,portugal,Portugal (mainland),portugal,,0,Portugal,Portugal (mainland),1,Europe,Portugal,0,Europe
203,PRY,PY,PY,paraguay,,paraguay,,0,Paraguay,Paraguay,8,Southern America,Paraguay,0,Southern America
204,PSE,PS,PS,palestine,"Palestinian Territory, Occupied; Palestina; Palestine State; State of Palestine; Palestine, State of",palestine,,0,Palestina,,3,Asia-Temperate,,0,Saharo-Arabia
205,QAT,QA,QA,qatar,,qatar,,0,Qatar,Qatar,3,Asia-Temperate,Qatar,0,Saharo-Arabia
206,REU,RE,RE,réunion,Reunion; R‚union; Reunion (France); Reunion I.,réunion,,1,Reunion,Reunion,2,Africa,Reunion,0,Sub-Saharan Africa
207,ROU,RO,RO,romania,,romania,,0,Romania,Romania,1,Europe,Romania,0,Europe
208,RUS,RU,RU,russia,Russian Federation; Russian Far East; Siberia; Russia south; Russia North; Russia East; Russia Northwest; Russia central; North European Russia; Northwest European Russia; Central European Rus; East European Russia; North European Russi; South European Russi; South European Russia; Eastern Palaearctic Region - Russian Far East; Eastern Palaearctic Region - Siberia,russia,,0,Russia,,3,Asia-Temperate,Russian Federation (the),0,Europe
209,RWA,RW,RW,rwanda,,rwanda,,0,Rwanda,Rwanda,2,Africa,Rwanda,0,Sub-Saharan Africa
210,SAU,SA,SO,saudi arabia,,saudi arabia,,0,Saudi Arabia,Saudi Arabia,3,Asia-Temperate,Saudi Arabia,0,Saharo-Arabia
211,SDN,SD,SD,south sudan,,south sudan,,0,Sudan,Sudan (incl. South Sudan),2,Africa,Sudan (the),0,Sub-Saharan Africa
212,SDN,SD,SD,sudan,,sudan,,0,Sudan,Sudan (incl. South Sudan),2,Africa,Sudan (the),0,Saharo-Arabia
213,SEN,SN,SN,senegal,,senegal,,0,Senegal,Senegal,2,Africa,Senegal,0,Sub-Saharan Africa
214,SGP,SG,SG,singapore,,singapore,,0,Singapore,Singapore,4,Asia-Tropical,Singapore,0,Southern Asia
215,SGS,GS,GS,south georgia and the south sandwich islands,South Georgia; South Sandwich Is.; South Georgia and the South Sand,south georgia and the south sandwich islands,,1,South Georgia and the South Sandwich Islands,South Georgia Island,9,Antarctic,South Georgia and the South Sandwich Islands,0,Antarctic
216,SHN,SH,SH,ascension,Ascensão; Ascension I.,ascension,,1,"Saint Helena, Ascension and Tristan da Cunha",,9,Africa,"Saint Helena, Ascension and Tristan da Cunha",0,Sub-Saharan Africa
217,SHN,SH,SH,saint helena,St. Helena; St Helena; Saint Helena (United Kingdom); St.Helena,saint helena,,1,"Saint Helena, Ascension and Tristan da Cunha",,9,Africa,"Saint Helena, Ascension and Tristan da Cunha",0,Sub-Saharan Africa
218,SHN,SH,SH,tristan da cunha,Gough Island; Tristão da Cunha,tristan da cunha,,1,"Saint Helena, Ascension and Tristan da Cunha",,9,Antarctic,"Saint Helena, Ascension and Tristan da Cunha",0,Antarctic
219,SJM,SJ,SJ,svalbard and jan mayen,Svalbard; Jan Mayen,svalbard and jan mayen,,1,Svalbard and Jan Mayen,,1,Europe,Svalbard and Jan Mayen,0,Europe
220,SLB,SB,SB,solomon islands,Solomon Is.; Solomon Isds; the Solomon Islands,solomon islands,,1,Solomon Islands,,,Pacific,,0,Pacific
221,SLE,SL,SL,sierra leone,,sierra leone,,0,Sierra Leone,Sierra Leone,2,Africa,Sierra Leone,0,Sub-Saharan Africa
222,SLV,SV,SV,el salvador,,el salvador,,0,El Salvador,,,Southern America,,0,Central America and the Caribbean
223,SMR,SM,SM,san marino,,san marino,,0,San Marino,,,Europe,,0,Europe
224,SOM,SO,MO,somalia,,somalia,,0,Somalia,Somalia,2,Africa,Somalia,0,Sub-Saharan Africa
225,SPM,PM,PM,saint pierre and miquelon,St Pierre and Miquelon; St. Pierre and Miquelon; Saint Pierre and Miquelon (France); St Pierre Mique.; St.Pierre-Miquelon,saint pierre and miquelon,,1,Saint Pierre and Miquelon,Saint Pierre and Miquelon,7,Northern America,Saint Pierre and Miquelon,0,Northern America
226,SRB,RS,RS,serbia,,serbia,,0,Senegal,,,Europe,,0,Europe
227,STP,ST,ST,são tomé and príncipe,Sao Tome; Principe; São Tomé and Principe; Sao Tome Princ.; Sao Tome & Principe; São Tomé and Príncipe; SAO TOME AND PRINCIPE; Sao Tome & Principe,são tomé and príncipe,,1,Sao Tome and Principe,Sao Tome and Principe,2,Africa,Sao Tome and Principe,0,Sub-Saharan Africa
228,SUR,SR,SR,suriname,Surinam,suriname,,0,Suriname,Suriname,8,Southern America,Suriname,0,Southern America
229,SVK,SK,SK,slovakia,Slovak Republic; the Slovak Republic,slovakia,,0,Slovakia,Slovakia,1,Europe,Slovakia,0,Europe
230,SVN,SI,SI,slovenia,Western Palaearctic Region - Slovenia,slovenia,,0,Slovenia,Slovenia,1,Europe,Slovenia,0,Europe
231,SWE,SE,SE,sweden,,sweden,,0,Sweden,Sweden,1,Europe,Sweden,0,Europe
232,SWZ,SZ,SZ,eswatini,Swaziland; Afrotropical Region - Swaziland,eswatini,,0,Swaziland,Swaziland,2,Africa,Swaziland,0,Sub-Saharan Africa
233,SYC,SC,SC,seychelles,Aldabra,seychelles,,1,Seychelles,,2,Africa,Seychelles,0,Sub-Saharan Africa
234,SYR,SY,SY,syria,SYRIAN ARAB REPUBLIC,syria,,0,Syria,,3,Asia-Temperate,,0,Saharo-Arabia
235,TCA,TC,TC,turks and caicos islands,Turks and Caicos; Turks and Caicos Isds; Turks Caicos Is.; Turks-Caicos Is.,turks and caicos islands,,1,Turks and Caicos Islands,,8,Southern America,,0,Central America and the Caribbean
236,TCD,TD,TD,chad,,chad,,0,Chad,Chad,2,Africa,Chad,0,Sub-Saharan Africa
237,TGO,TG,TG,togo,,togo,,0,Togo,Togo,2,Africa,Togo,0,Sub-Saharan Africa
238,THA,TH,TH,thailand,Oriental Region - Thailand,thailand,,0,Thailand,Thailand,4,Asia-Tropical,Thailand,0,Southern Asia
239,TJK,TJ,TJ,tajikistan,Tadjikistan; Tadzhikistan,tajikistan,,0,Tajikistan,,3,Asia-Temperate,Tajikistan,0,Western Asia
240,TKL,TK,TK,tokelau,,tokelau,,1,Tokelau,,,Pacific,,0,Pacific
241,TKM,TM,TM,turkmenistan,,turkmenistan,,0,Turkmenistan,,,Asia-Temperate,,0,Western Asia
242,TON,TO,TO,tonga,,tonga,,1,Tonga,Tonga,6,Pacific,Tonga,0,Pacific
243,TTO,TL,TL,timor-leste,East Timor; Timor Leste,timor-leste,,0,East Timor,,,Asia-Tropical,,0,Southern Asia
244,TTO,TT,TT,trinidad and tobago,Trinidad Tobago; Trinidad-Tobago; Trinidad; Tobago; Neotropical Region - Trinidad-Tobago,trinidad and tobago,,1,Trinidad and Tobago,,,Southern America,,0,Central America and the Caribbean
245,TUN,TN,TN,tunisia,,tunisia,,0,Tunisia,Tunisia,2,Africa,Tunisia,0,Saharo-Arabia
246,TUR,TR,TR,turkey,Turkiye; Türkiye; TÃ¼rkiye; Republic of Türkiye; Turkey (in Europe); Turkey-in-Europe; Western Palaearctic Region - Turkey (in Europe),turkey,,0,Turkey,Turkey,0,Asia-Temperate,Turkey,0,Western Asia
247,TUV,TV,TV,tuvalu,,tuvalu,,1,Tuvalu,,,Pacific,,0,Pacific
248,TWN,TW,TW,taiwan,"Taiwan (Province of China); TAIWAN, PROVINCE OF CHINA; Taiwan (China); Taiwan/Ch Taipei; Oriental Region - Taiwan",taiwan,,1,Taiwan,Taiwan,3,Asia-Temperate,Taiwan (Province of China),0,Eastern Asia
249,TZA,TZ,TZ,tanzania,"Tanzania, United Republic of; United Rep. of Tanzania",tanzania,,0,Tanzania,United Republic of Tanzania,2,Africa,"Tanzania, United Republic of",0,Sub-Saharan Africa
250,UGA,UG,UG,uganda,,uganda,,0,Uganda,Uganda,2,Africa,Uganda,0,Sub-Saharan Africa
251,UKR,UA,UA,ukraine,Crimea (Ukraine),ukraine,,0,Ukraine,Ukraine,1,Europe,Ukraine,0,Europe
252,UMI,UM,UM,united states minor outlying islands,US Minor Outlying Islands; US Minor Is.; US Misc Pac; United States Minor Outlying Island; U.S. Minor Outlying Islands; United States Minor Outlying Islands (the); United States Minor Outlying Isl,united states minor outlying islands,,1,United States Minor Outlying Islands,,6,Pacific,United States Minor Outlying Islands (the),0,Pacific
253,URY,UY,UY,uruguay,,uruguay,,0,Uruguay,Uruguay,8,Southern America,Uruguay,0,Southern America
254,USA,US,US,alaska,AK; Alaska,alaska,,0,United States,Alaska,7,Northern America,United States of America (the),0,Northern America
255,USA,US,US,hawaii,Hawaii; Hawaii (USA); HI; Hawaiian Islands,hawaii,,1,United States,,6,Pacific,United States of America (the),0,Pacific
256,USA,US,US,united states of america,US; United States; USA; North-Central U.S.A.; Northeastern U.S.A.; Northwestern U.S.A.; South-Central U.S.A.; Southeastern U.S.A.; Southwestern U.S.A.; Nearctic Region - North-Central U.S.A.; Nearctic Region - Northeastern U.S.A.; Nearctic Region - Northwestern U.S.A.; Nearctic Region - South-Central U.S.A.; Nearctic Region - Southeastern U.S.A.; Nearctic Region - Southwestern U.S.A.; U.S.A.,united states of america,,0,United States,,7,Northern America,United States of America (the),0,Northern America
257,UZB,UZ,UZ,uzbekistan,,uzbekistan,,0,Uzbekistan,,,Asia-Temperate,,0,Western Asia
258,VAT,VA,VA,vatican city,Vatican; Vatican City State; Holy See (Vatican City State); Holy See,vatican city,,0,Vatican City,,,Europe,,0,Europe
259,VCT,VC,VC,saint vincent and the grenadines,St Vincent and the Grenadines; St. Vincent and the Grenadines; St. Vin. and Gren.; St Vincent Gren.,saint vincent and the grenadines,,1,Saint Vincent and the Grenadines,,8,Southern America,Saint Vincent and the Grenadines,0,Central America and the Caribbean
260,VEN,VE,VE,venezuela,"Venezuela, Bolivarian Republic of; Venezuela, RB; Venezuela (Bolivarian Republic of)",venezuela,,0,Venezuela,Venezuela,8,Southern America,Venezuela (Bolivarian Republic of),0,Southern America
261,VGB,VG,VG,virgin islands (british),"British Virgin Islands; British Virgin Islands (United Kingdom); Virgin Islands, British; Virgin Is. (UK)",virgin islands (british),,1,British Virgin Islands,,8,Southern America,,0,Central America and the Caribbean
262,VIR,VI,VI,virgin islands (u.s.),"Virgin Islands, US; US Virgin Islands; VIRGIN ISLANDS, U.S; Virgin Islands (USA); Virgin Islands, U.S.; Virgin Is. (US); U.S. Virgin Islands; Virgin Islands (US); Virgin Islands, U.S.",virgin islands (u.s.),,1,"Virgin Islands, U.S.",United States Virgin Islands,8,Southern America,Virgin Islands (U.S.),0,Central America and the Caribbean
263,VNM,VN,VN,vietnam,Viet Nam; Oriental Region - Vietnam,vietnam,,0,Vietnam,,,Asia-Tropical,,0,Southern Asia
264,VUT,VU,VU,vanuatu,,vanuatu,,1,Vanuatu,,,Pacific,,0,Pacific
265,WLF,WF,WF,wallis and futuna,Wallis and Futuna Isds; Wallis Futuna; Wallis-Futuna Is.; Wallis and Futuna Islands,wallis and futuna,,1,Wallis and Futuna,,,Pacific,,0,Pacific
266,WSM,WS,WS,samoa,,samoa,,1,Samoa,,6,Pacific,Samoa,0,Pacific
267,XAD,CY,CY,akrotiri and dhekelia,,akrotiri and dhekelia,,1,Akrotiri and Dhekelia,,3,Asia-Temperate,,0,Western Asia
268,XCA,,,caspian sea,,caspian sea,,0,Caspian Sea,,,Asia-Temperate,,0,Western Asia
269,XKO,,,kosovo,,kosovo,,0,Kosovo,,,Europe,,0,Europe
270,XPI,,,paracel islands,,paracel islands,,1,Paracel Islands,,,Asia-Tropical,,0,Southern Asia
271,XSP,,,spratly islands,,spratly islands,,1,Spratly Islands,,,Asia-Tropical,,0,Southern Asia
272,YEM,YE,YE,yemen,"Yemen, Rep.; North Yemen; South Yemen",yemen,,0,Yemen,Yemen,3,Asia-Temperate,Yemen,0,Saharo-Arabia
273,ZAF,ZA,ZA,south africa,,south africa,,0,South Africa,,2,Africa,South Africa,0,Sub-Saharan Africa
274,ZMB,ZM,ZM,zambia,,zambia,,0,Zambia,,2,Africa,Zambia,0,Sub-Saharan Africa
275,ZNC,CY,CY,northern cyprus,,northern cyprus,,1,Northern Cyprus,Cyprus,3,Asia-Temperate,Cyprus,0,Western Asia
276,ZWE,ZW,ZW,zimbabwe,,zimbabwe,,0,Zimbabwe,,2,Africa,Zimbabwe,0,Sub-Saharan Africa
3924,YEM,YE-HD,YE-HD,socotra island,Soqotra; Yemen- Soqotra; Socotra Island; Socotra; Socotra Arch.; Socotra Archipelago,socotra island,,1,Yemen,Yemen,3,Asia-Temperate,Yemen,0,Saharo-Arabia
3913,CAN,CA,CA,vancouver island,,vancouver island,,1,Canada,,7,Northern America,Canada,0,Northern America
3914,NZL,NZ,NZ,antipodes island,Antipodes; Antipode Island; Antipodean Is.,antipodes island,,1,New Zealand,,5,Australasia,New Zealand,0,Australasia
3916,ATG,AG,AG,antigua and barbuda,Antigua; Barbuda; Antigua and Barb.; Antigua Barbuda,antigua and barbuda,,1,Antigua and Barbuda,,8,Southern America,Antigua and Barbuda,0,Central America and the Caribbean
3917,NZL,NZ,NZ,kermadec islands,Kermadec; Kermadec Is.,kermadec islands,,1,New Zealand,Kermadec Islands,5,Australasia,New Zealand,0,Australasia
3918,AUS,AU,AU,lord howe islands,Lord Howe I.; Lord Howe Island,lord howe islands,,1,Australia,Lord Howe Island,5,Australasia,Australia,0,Australasia
3919,BRA,BR,BR,fernando de noronha,Fernando de Naronha and Atoll das Rocas; Fernando de Noronha (Brazil); Fernando de Noronha Archipelago,fernando de noronha,,1,Brazil,,8,Southern America,Brazil,0,Southern America
3920,CHL,CL,CL,rapa nui,Easter Island; Easter I.; Easter Is.,rapa nui,,1,Chile,"Easter Island, Chile",6,Pacific,Chile,0,Pacific
3921,JPN,JP,JP,izu islands,,izu islands,,1,Japan,Japan,3,Asia-Temperate,Japan,0,Eastern Asia
3922,JPN,JP,JP,ogasawara islands,Ogasawara Is.; Ogasawara-shoto,ogasawara islands,,1,Japan,Japan,3,Asia-Temperate,Japan,0,Eastern Asia
3923,TZA,TZ,TZ,zanzibar island,Zanzibar Archipelago,zanzibar island,,1,Tanzania,United Republic of Tanzania,2,Africa,"Tanzania, United Republic of",0,Sub-Saharan Africa
1201,FRA,FR-20R,FR,corsica,France (Corsica); Corse,corsica,Corsica; France (Corsica),1,France,Corsica,1,Europe,France,0,Europe
3925,PYF,,PF,french polynesia,,french polynesia,,1,French Polynesia,,6,Pacific,French Polynesia,0,Pacific
